person_id,primary_profession_id,primary_name,birth_year,death_year,last_modified
1,14,"Edmond Agabra",1926,2012,"2023-06-06 14:30:03"
2,1,"Martin Agronsky",1915,1999,"2023-06-06 14:30:03"
3,4,"Sydell Albert",NULL,NULL,"2023-06-06 14:30:03"
4,20,"Albert Ammons",1907,1949,"2023-06-06 14:30:03"
5,7,"Geneviève Anhoury",NULL,NULL,"2023-06-06 14:30:03"
6,1,"Jacky Arkin",NULL,NULL,"2023-06-06 14:30:03"
7,1,"Henry Arras",NULL,NULL,"2023-06-06 14:30:03"
8,6,"Hugues Balagny",NULL,NULL,"2023-06-06 14:30:03"
9,1,"Reuven Bar-Yotam",1935,2021,"2023-06-06 14:30:03"
10,1,"Fred Baur",NULL,NULL,"2023-06-06 14:30:03"
11,1,"Georges Bayle",NULL,NULL,"2023-06-06 14:30:03"
12,7,"Ryszard Ber",1933,2004,"2023-06-06 14:30:03"
13,2,"Loredana Bertè",1950,NULL,"2023-06-06 14:30:03"
14,2,"Paola Bettega",NULL,NULL,"2023-06-06 14:30:03"
15,2,"Isabella Biagini",1940,2018,"2023-06-06 14:30:03"
16,3,"Vera Mazzeo",NULL,NULL,"2023-06-06 14:30:03"
17,7,"Thierry Binisti",NULL,NULL,"2023-06-06 14:30:03"
18,6,"Lenore Bode",NULL,NULL,"2023-06-06 14:30:03"
19,6,"Marcel Bouguereau",NULL,NULL,"2023-06-06 14:30:03"
20,2,"Ingela Brander",1943,NULL,"2023-06-06 14:30:03"
21,2,"Erika Burke Rossa",1971,NULL,"2023-06-06 14:30:03"
22,4,"Ed Burley",NULL,NULL,"2023-06-06 14:30:03"
23,4,"Danièle Caloz",NULL,NULL,"2023-06-06 14:30:03"
24,8,"Aldo Capuano",NULL,NULL,"2023-06-06 14:30:03"
25,2,"Billie Carlyle",1902,1991,"2023-06-06 14:30:03"
26,2,"Una Mae Carlisle",1915,1956,"2023-06-06 14:30:03"
27,1,"Alex Carr",NULL,NULL,"2023-06-06 14:30:03"
28,7,"Paul Carrière",NULL,NULL,"2023-06-06 14:30:03"
29,2,"Rita Caruso",NULL,NULL,"2023-06-06 14:30:03"
30,1,"Marcus Carothers",NULL,NULL,"2023-06-06 14:30:03"
31,1,"Mark Carvel",NULL,1990,"2023-06-06 14:30:03"
32,16,"Hanna Chalfon",NULL,NULL,"2023-06-06 14:30:03"
33,3,"Rory Chase",NULL,NULL,"2023-06-06 14:30:03"
34,11,"Christopher Scott Cherot",1967,NULL,"2023-06-06 14:30:03"
35,9,"Adriana Chervenkova",NULL,NULL,"2023-06-06 14:30:03"
36,1,"Larry Chiu",NULL,NULL,"2023-06-06 14:30:03"
37,20,"Giuseppe Cioffi",1901,1976,"2023-06-06 14:30:03"
38,1,"Flávio Colatrello Jr.",NULL,NULL,"2023-06-06 14:30:03"
39,1,"Ricardo Conti",NULL,NULL,"2023-06-06 14:30:03"
40,2,"Maria Cristina Gatti",NULL,NULL,"2023-06-06 14:30:03"
41,7,"William Forest Crouch",1904,1968,"2023-06-06 14:30:03"
42,20,"Evelyn Dall",1918,2010,"2023-06-06 14:30:03"
43,2,"Christine Dannic",NULL,NULL,"2023-06-06 14:30:03"
44,30,"Charlotte Dautcourt",NULL,NULL,"2023-06-06 14:30:03"
45,2,"Michaela Davidsen",1939,2018,"2023-06-06 14:30:03"
46,2,"Vânia de Brito",NULL,NULL,"2023-06-06 14:30:03"
47,1,"Pasquale De Filippo",NULL,NULL,"2023-06-06 14:30:03"
48,24,"Vince Deadrick Jr.",1954,NULL,"2023-06-06 14:30:03"
49,1,"Witold Dederko",1906,1988,"2023-06-06 14:30:03"
50,7,"Maria Callas Dinescu",NULL,NULL,"2023-06-06 14:30:03"
51,1,"Karl Dönch",1915,1994,"2023-06-06 14:30:03"
52,6,"Mike Dooley",NULL,NULL,"2023-06-06 14:30:03"
53,4,"Tim Dowdle",NULL,NULL,"2023-06-06 14:30:03"
54,2,"Gabriela Duarte",1974,NULL,"2023-06-06 14:30:03"
55,7,"Jay Dubin",NULL,NULL,"2023-06-06 14:30:03"
56,4,"Martin Dunkerton",NULL,NULL,"2023-06-06 14:30:03"
57,3,"Mitchell Erickson",NULL,NULL,"2023-06-06 14:30:03"
58,10,"Ray Etheridge",1952,NULL,"2023-06-06 14:30:03"
59,1,"Fiorenzo Fiorentini",1920,2003,"2023-06-06 14:30:03"
60,1,"Michel Flamme",1927,2007,"2023-06-06 14:30:03"
61,2,"Cameron Foord",NULL,NULL,"2023-06-06 14:30:03"
62,27,"Oliver French",NULL,NULL,"2023-06-06 14:30:03"
63,27,"Sever Frentiu",1943,NULL,"2023-06-06 14:30:03"
64,12,"Gary William Friedman",NULL,NULL,"2023-06-06 14:30:03"
65,30,"Ilona Friedman",NULL,NULL,"2023-06-06 14:30:03"
66,1,"Yehuda Fuchs",1919,2010,"2023-06-06 14:30:03"
67,18,"Raymond Furlotte",NULL,NULL,"2023-06-06 14:30:03"
68,5,"Patrice Gautier",NULL,NULL,"2023-06-06 14:30:03"
69,2,"Pnina Gary",1927,NULL,"2023-06-06 14:30:03"
70,1,Gian,1936,2010,"2023-06-06 14:30:03"
71,2,"Grace Gianoukas",1963,NULL,"2023-06-06 14:30:03"
72,10,"Adam Giffard",1934,2010,"2023-06-06 14:30:03"
73,2,"Hanna Maria Giza-Tomann",1948,NULL,"2023-06-06 14:30:03"
74,7,"Bruce Gowers",1940,2023,"2023-06-06 14:30:03"
75,5,"Dan Greenburg",1936,NULL,"2023-06-06 14:30:03"
76,2,"Etti Grotes",1942,NULL,"2023-06-06 14:30:03"
77,5,"Peer Guldbrandsen",1912,1996,"2023-06-06 14:30:03"
78,4,"Carl Gurevich",NULL,NULL,"2023-06-06 14:30:03"
79,1,"Allan Hahn",NULL,NULL,"2023-06-06 14:30:03"
80,2,"Helle Halding",NULL,NULL,"2023-06-06 14:30:03"
81,2,"Lori Hall",NULL,NULL,"2023-06-06 14:30:03"
82,1,"Wladyslaw Hancza",1905,1977,"2023-06-06 14:30:03"
83,1,"Shraga Harpaz",1947,NULL,"2023-06-06 14:30:03"
84,4,"Alan Hausegger",NULL,NULL,"2023-06-06 14:30:03"
85,10,"Karl Hawk",NULL,NULL,"2023-06-06 14:30:03"
86,6,"Kieran Healy",NULL,NULL,"2023-06-06 14:30:03"
87,1,"Frede Heiselberg",1934,2003,"2023-06-06 14:30:03"
88,2,"Helen Henessey",NULL,NULL,"2023-06-06 14:30:03"
89,1,"Bill Herrin",NULL,NULL,"2023-06-06 14:30:03"
90,16,"Gudron Holt",NULL,NULL,"2023-06-06 14:30:03"
91,18,"Patrick Hutchinson",NULL,NULL,"2023-06-06 14:30:03"
92,2,"Rosamund Illing",NULL,NULL,"2023-06-06 14:30:03"
93,1,Jack,NULL,NULL,"2023-06-06 14:30:03"
94,2,"Fiona Janes",1964,NULL,"2023-06-06 14:30:03"
95,16,"Michael Johnston",NULL,NULL,"2023-06-06 14:30:03"
96,2,"Kathleen Joyce",NULL,NULL,"2023-06-06 14:30:03"
97,12,"Marcel Kapps",NULL,NULL,"2023-06-06 14:30:03"
98,7,"Walter Kapps",1907,1975,"2023-06-06 14:30:03"
99,1,"Ireneusz Karamon",1941,2014,"2023-06-06 14:30:03"
100,1,"Alfred Karl",NULL,NULL,"2023-06-06 14:30:03"
101,2,"Yvonne Kenny",1950,NULL,"2023-06-06 14:30:03"
102,25,"Janet Kern",NULL,NULL,"2023-06-06 14:30:03"
103,3,"Michele Lee Kirwan",NULL,NULL,"2023-06-06 14:30:03"
104,10,"Stefan Khristov",NULL,NULL,"2023-06-06 14:30:03"
105,1,"George King",NULL,NULL,"2023-06-06 14:30:03"
106,2,"Lynne Kolber",NULL,NULL,"2023-06-06 14:30:03"
107,2,"Emilia Krakowska",1940,NULL,"2023-06-06 14:30:03"
108,2,"Krystyna Królówna",1939,2022,"2023-06-06 14:30:03"
109,6,"Franco La Torre",NULL,NULL,"2023-06-06 14:30:03"
110,28,"Ted Lapidus",1929,2008,"2023-06-06 14:30:03"
111,1,"Gino Lavagetto",1938,NULL,"2023-06-06 14:30:03"
112,2,"Renata Laviola",NULL,NULL,"2023-06-06 14:30:03"
113,1,"Brian Lawrance",1909,1983,"2023-06-06 14:30:03"
114,9,"Peter Lederer",NULL,NULL,"2023-06-06 14:30:03"
115,26,"Adam Levine",1975,NULL,"2023-06-06 14:30:03"
116,1,"Euzebiusz Luberadzki",1911,1977,"2023-06-06 14:30:03"
117,7,"Alan Lyddiard",NULL,NULL,"2023-06-06 14:30:03"
118,3,"Darlene Liebman",NULL,NULL,"2023-06-06 14:30:03"
119,11,"Avi Lifshitz",NULL,NULL,"2023-06-06 14:30:03"
120,2,"Eva Linda",NULL,NULL,"2023-06-06 14:30:03"
121,2,"Deborah Loomis",NULL,NULL,"2023-06-06 14:30:03"
122,1,"Joaquim Lopes",NULL,NULL,"2023-06-06 14:30:03"
123,2,"Cia Lozell",NULL,NULL,"2023-06-06 14:30:03"
124,6,"Branden Lutz",NULL,NULL,"2023-06-06 14:30:03"
125,22,"John Lynch Jr.",NULL,NULL,"2023-06-06 14:30:03"
126,1,"Beniamino Maggio",1907,1990,"2023-06-06 14:30:03"
127,7,"Albert Magnoli",NULL,NULL,"2023-06-06 14:30:03"
128,12,"Bobby Marino",NULL,NULL,"2023-06-06 14:30:03"
129,5,"Giorgio Mariuzzo",1939,2023,"2023-06-06 14:30:03"
130,10,"Horacio Marquínez",NULL,NULL,"2023-06-06 14:30:03"
131,2,"Vanessa Marsot",NULL,NULL,"2023-06-06 14:30:03"
132,2,"Simone Martell",NULL,NULL,"2023-06-06 14:30:03"
133,7,"G.D. Martin",NULL,NULL,"2023-06-06 14:30:03"
134,1,"Biju Martins",1976,NULL,"2023-06-06 14:30:03"
135,1,"Maurizio Arcieri",1942,2015,"2023-06-06 14:30:03"
136,2,"Chenoa Maxwell",1969,NULL,"2023-06-06 14:30:03"
137,7,"Robert McCarty",NULL,NULL,"2023-06-06 14:30:03"
138,20,"Hugh McCracken",1942,2013,"2023-06-06 14:30:03"
139,2,"Molly McDougal",NULL,NULL,"2023-06-06 14:30:03"
140,5,"Patricia McLean",NULL,NULL,"2023-06-06 14:30:03"
141,9,"Scott Means",NULL,NULL,"2023-06-06 14:30:03"
142,12,"Malou Meilink",NULL,NULL,"2023-06-06 14:30:03"
143,2,"Lu Ann Meredith",1913,1998,"2023-06-06 14:30:03"
144,1,"Seth Michaels",NULL,NULL,"2023-06-06 14:30:03"
145,14,"Frank Mills",NULL,NULL,"2023-06-06 14:30:03"
146,2,"Mary Jenifer Mitchell",NULL,NULL,"2023-06-06 14:30:03"
147,1,"Darío Moreno",1921,1968,"2023-06-06 14:30:03"
148,1,"Eddi Muchtar",NULL,NULL,"2023-06-06 14:30:03"
149,12,Negativland,NULL,NULL,"2023-06-06 14:30:03"
150,5,"Michele Nesci",NULL,NULL,"2023-06-06 14:30:03"
151,6,"Andrew Nevard",NULL,NULL,"2023-06-06 14:30:03"
152,21,"Jennifer Newman",NULL,NULL,"2023-06-06 14:30:03"
153,1,"Józef Nieweglowski",1910,2002,"2023-06-06 14:30:03"
154,1,"Avraham Ninio",NULL,NULL,"2023-06-06 14:30:03"
155,2,"Adriana Nobre",NULL,NULL,"2023-06-06 14:30:03"
156,2,"Jackie O'Brien",NULL,NULL,"2023-06-06 14:30:03"
157,2,"J.C. Henning",1954,NULL,"2023-06-06 14:30:03"
158,2,"Nicky O'Daniel",NULL,NULL,"2023-06-06 14:30:03"
159,24,"Tree O'Toole",NULL,NULL,"2023-06-06 14:30:03"
160,4,"Siya Ognyanova",NULL,NULL,"2023-06-06 14:30:03"
161,4,"Henri Ohana",NULL,NULL,"2023-06-06 14:30:03"
162,2,"Beryl Orde",1912,1966,"2023-06-06 14:30:03"
163,1,"Joe Palmieri",NULL,1999,"2023-06-06 14:30:03"
164,7,"Jorgo Papavassiliou",1968,NULL,"2023-06-06 14:30:03"
165,1,"Mani Pe'er",1946,2014,"2023-06-06 14:30:03"
166,1,"Haim Pekelis",NULL,NULL,"2023-06-06 14:30:03"
167,17,"Aristodemo Petri",NULL,NULL,"2023-06-06 14:30:03"
168,1,"George Planco",NULL,NULL,"2023-06-06 14:30:03"
169,2,"Shelley Plimpton",1947,NULL,"2023-06-06 14:30:03"
170,2,"Ronit Porat",NULL,NULL,"2023-06-06 14:30:03"
171,4,"Eric Porcher",NULL,NULL,"2023-06-06 14:30:03"
172,1,"Steve Rachman",NULL,NULL,"2023-06-06 14:30:03"
173,5,"Ivan Radoev",1927,1994,"2023-06-06 14:30:03"
174,3,"Tom Rashford",NULL,NULL,"2023-06-06 14:30:03"
175,13,"Cyril Ray",1908,1991,"2023-06-06 14:30:03"
176,1,Ric,1935,NULL,"2023-06-06 14:30:03"
177,1,"Douglas Richardson",NULL,NULL,"2023-06-06 14:30:03"
178,5,"Jack Richardson",NULL,NULL,"2023-06-06 14:30:03"
179,4,"François Rigaud",NULL,NULL,"2023-06-06 14:30:03"
180,1,"Maurice Rocco",1915,1976,"2023-06-06 14:30:03"
181,17,"Ludgierd Romanis",1926,1976,"2023-06-06 14:30:03"
182,1,"Giacomo Rondinella",1923,2015,"2023-06-06 14:30:03"
183,1,"Johnny Russo",NULL,NULL,"2023-06-06 14:30:03"
184,5,"Fikri Rutkay",NULL,1974,"2023-06-06 14:30:03"
185,1,"Pol Salcedo",NULL,NULL,"2023-06-06 14:30:03"
186,9,"Alan Sallabank",NULL,NULL,"2023-06-06 14:30:03"
187,1,"Kevin Sanders",NULL,NULL,"2023-06-06 14:30:03"
188,5,"A. Santoni-Rugiu",NULL,NULL,"2023-06-06 14:30:03"
189,1,"Joe Sardello",NULL,NULL,"2023-06-06 14:30:03"
190,2,"Sarah Kate Jackson",NULL,NULL,"2023-06-06 14:30:03"
191,4,"Tom Scott",NULL,NULL,"2023-06-06 14:30:03"
192,35,"David Shapira",1934,NULL,"2023-06-06 14:30:03"
193,5,"Hans Sibbel",1958,NULL,"2023-06-06 14:30:03"
194,11,"Sam Simmonds",NULL,1967,"2023-06-06 14:30:03"
195,7,"T.V. Singh Thakore",NULL,NULL,"2023-06-06 14:30:03"
196,7,"Maria Slavinskaya",1906,NULL,"2023-06-06 14:30:03"
197,2,"Mikki Snow",1963,NULL,"2023-06-06 14:30:03"
198,3,"Cynthia Spence",NULL,NULL,"2023-06-06 14:30:03"
199,20,"Dorothy Squires",1915,1998,"2023-06-06 14:30:03"
200,7,"Alfred Steinhardt",1923,2012,"2023-06-06 14:30:03"
201,4,"Jeanne Stromberg",NULL,NULL,"2023-06-06 14:30:03"
202,17,"Francisco Suarez",NULL,NULL,"2023-06-06 14:30:03"
203,1,"Sullivan Sweeten",1995,NULL,"2023-06-06 14:30:03"
204,1,"Luciano Tacconi",NULL,NULL,"2023-06-06 14:30:03"
205,10,"Jean Tachard",NULL,NULL,"2023-06-06 14:30:03"
206,2,Tai,NULL,NULL,"2023-06-06 14:30:03"
207,5,"Troy Taylor",NULL,NULL,"2023-06-06 14:30:03"
208,4,"Mario Trombetti",1910,1992,"2023-06-06 14:30:03"
209,23,"Shlomo Zafrir",NULL,NULL,"2023-06-06 14:30:03"
210,7,"Juan Francisco Urrusti",1954,NULL,"2023-06-06 14:30:03"
211,10,"A. Vinkler",NULL,NULL,"2023-06-06 14:30:03"
212,8,"Rand Vossler",NULL,NULL,"2023-06-06 14:30:03"
213,3,"Tam Warner",NULL,NULL,"2023-06-06 14:30:03"
214,17,"Danny Wendell",NULL,NULL,"2023-06-06 14:30:03"
215,2,"Janice Williams",NULL,NULL,"2023-06-06 14:30:03"
216,1,"David 'Weatherman' Wills",NULL,NULL,"2023-06-06 14:30:03"
217,6,"Julio Yurnet",NULL,NULL,"2023-06-06 14:30:03"
218,2,"Ewa Zdzieszynska",1924,1998,"2023-06-06 14:30:03"
219,9,"Eric Zeehandelaar",NULL,NULL,"2023-06-06 14:30:03"
220,10,"Sunny Zhao",NULL,NULL,"2023-06-06 14:30:03"
221,2,"Carmen Álvarez",1934,NULL,"2023-06-06 14:30:03"
222,2,"Marbry Steward",NULL,NULL,"2023-06-06 14:30:03"
223,5,"Chao Yang",NULL,NULL,"2023-06-06 14:30:03"
224,3,"Evan Barba",1976,NULL,"2023-06-06 14:30:03"
225,7,"Nilce Tranjan",NULL,NULL,"2023-06-06 14:30:03"
226,1,"Mike Sockabasin",NULL,NULL,"2023-06-06 14:30:03"
227,2,"Angélique Hivert",NULL,NULL,"2023-06-06 14:30:03"
228,3,"Danica Jensen",NULL,NULL,"2023-06-06 14:30:03"
229,6,"Jonathan ten Broeke",NULL,NULL,"2023-06-06 14:30:03"
230,2,"Shaira Yasmin Berg",NULL,NULL,"2023-06-06 14:30:03"
231,1,"Hansley Fuegoo",NULL,NULL,"2023-06-06 14:30:03"
232,12,"Malik Abdul Rahman",NULL,NULL,"2023-06-06 14:30:03"
233,12,"Reggie Thomas Jr.",NULL,NULL,"2023-06-06 14:30:03"
234,10,"Ibrahim Bey",NULL,NULL,"2023-06-06 14:30:03"
235,10,"Cristal Jefferson",NULL,NULL,"2023-06-06 14:30:03"
236,23,"Xiaolong Woods",NULL,NULL,"2023-06-06 14:30:03"
237,1,"Qing-Sang Liang",NULL,NULL,"2023-06-06 14:30:03"
238,9,"Joe Pazos",NULL,NULL,"2023-06-06 14:30:03"
239,5,"James B. Thomasson",NULL,NULL,"2023-06-06 14:30:03"
240,1,"Pedro Henrique Müller",NULL,NULL,"2023-06-06 14:30:03"
241,2,"Gina Diez",NULL,NULL,"2023-06-06 14:30:03"
242,23,"Catlin Meininger",NULL,NULL,"2023-06-06 14:30:03"
243,2,"Nefeli Economou",NULL,NULL,"2023-06-06 14:30:03"
244,2,"Katerina Hill",NULL,NULL,"2023-06-06 14:30:03"
245,4,"Lauren Harris",NULL,NULL,"2023-06-06 14:30:03"
246,12,"Joseph Caro",NULL,NULL,"2023-06-06 14:30:03"
247,6,"Ian Pritchard",NULL,NULL,"2023-06-06 14:30:03"
248,4,"Isabel Figueroa",NULL,NULL,"2023-06-06 14:30:03"
249,3,"Ulises Padilla",NULL,NULL,"2023-06-06 14:30:03"
250,1,"Mohammed Haroon",NULL,NULL,"2023-06-06 14:30:03"
251,1,"Adam Torvinen",NULL,NULL,"2023-06-06 14:30:03"
252,1,"Niles Ezra Schwarz",NULL,NULL,"2023-06-06 14:30:03"
253,1,"Gabriel Mason",NULL,NULL,"2023-06-06 14:30:03"
254,9,"Jeff Denesyk",NULL,NULL,"2023-06-06 14:30:03"
255,2,"Geisha Forza",NULL,NULL,"2023-06-06 14:30:03"
256,14,"Kim Huyen",NULL,NULL,"2023-06-06 14:30:03"
257,4,"Chau Quach",NULL,NULL,"2023-06-06 14:30:03"
258,4,"Nguyen Lion",NULL,NULL,"2023-06-06 14:30:03"
259,1,"Minh Hy Thai",NULL,NULL,"2023-06-06 14:30:03"
260,1,"Thu Cuc",NULL,NULL,"2023-06-06 14:30:03"
261,5,"Tuan Khai",NULL,NULL,"2023-06-06 14:30:03"
262,10,"Duy Dinh",NULL,NULL,"2023-06-06 14:30:03"
263,7,"Loc Vinh Le",NULL,NULL,"2023-06-06 14:30:03"
264,4,"Debra Meltzer",NULL,NULL,"2023-06-06 14:30:03"
265,7,"Ivo Wejgaard",NULL,NULL,"2023-06-06 14:30:03"
266,12,"Barb Morrison",NULL,NULL,"2023-06-06 14:30:03"
267,2,"Taiyang Lin",NULL,NULL,"2023-06-06 14:30:03"
268,4,"Ramesh Debnath",NULL,NULL,"2023-06-06 14:30:03"
269,1,Almarella,1921,2015,"2023-06-06 14:30:03"
270,5,"Luigi Cioffi",NULL,1967,"2023-06-06 14:30:03"
271,1,"Kevin Spencer Alcorn Jr.",NULL,NULL,"2023-06-06 14:30:03"
272,4,"LeGrande Green",NULL,NULL,"2023-06-06 14:30:03"
273,1,"Wo Min",NULL,NULL,"2023-06-06 14:30:03"
274,16,"Luigi Storiale",NULL,NULL,"2023-06-06 14:30:03"
275,1,"Luigi Pisano",NULL,NULL,"2023-06-06 14:30:03"
276,16,"Maria Grazia Nardi",NULL,NULL,"2023-06-06 14:30:03"
277,20,"Gianni Lupoli",NULL,NULL,"2023-06-06 14:30:03"
278,4,"Chun Myounghwan",NULL,NULL,"2023-06-06 14:30:03"
279,12,"Louis Gagné",NULL,NULL,"2023-06-06 14:30:03"
280,2,"Natalie Noblitt",NULL,NULL,"2023-06-06 14:30:03"
281,4,"Theresa Dieriex",NULL,NULL,"2023-06-06 14:30:03"
282,2,"Peggy Catrini",NULL,NULL,"2023-06-06 14:30:03"
283,29,"Vijay Kumar Kacher",NULL,NULL,"2023-06-06 14:30:03"
284,10,"Vipul Wadekar",NULL,NULL,"2023-06-06 14:30:03"
285,1,"Zechariah Smith",NULL,NULL,"2023-06-06 14:30:03"
286,2,Blue,NULL,NULL,"2023-06-06 14:30:03"
287,1,Didda,NULL,NULL,"2023-06-06 14:30:03"
288,6,"Stephen Reyes",NULL,NULL,"2023-06-06 14:30:03"
289,7,"Ajith Pulleri",NULL,NULL,"2023-06-06 14:30:03"
290,2,Peaches,NULL,NULL,"2023-06-06 14:30:03"
291,12,"Julian Stirpe",NULL,NULL,"2023-06-06 14:30:03"
292,3,"Bridget Drummond",NULL,NULL,"2023-06-06 14:30:03"
293,21,"Raul Siro Ferreira",NULL,NULL,"2023-06-06 14:30:03"
294,16,"Ernest 'Ness' Jean-Louis",NULL,NULL,"2023-06-06 14:30:03"
295,2,"Renet Kyles",NULL,NULL,"2023-06-06 14:30:03"
296,2,"Jillian Lindsey",NULL,NULL,"2023-06-06 14:30:03"
297,1,"Miko Tam",NULL,NULL,"2023-06-06 14:30:03"
298,17,"Atlanta Treloar",NULL,NULL,"2023-06-06 14:30:03"
299,16,"Ade 'Nike' Wright",NULL,NULL,"2023-06-06 14:30:03"
300,2,"Tara Ashley",NULL,NULL,"2023-06-06 14:30:03"
301,29,"Jeff Brower",NULL,NULL,"2023-06-06 14:30:03"
302,5,"Richard Squires",NULL,NULL,"2023-06-06 14:30:03"
303,26,"Tate Thompson",NULL,NULL,"2023-06-06 14:30:03"
304,5,"Charles E. Drew Jr.",NULL,NULL,"2023-06-06 14:30:03"
305,4,"Judd Landon",NULL,NULL,"2023-06-06 14:30:03"
306,25,"Anta Male",NULL,NULL,"2023-06-06 14:30:03"
307,4,"Camila Nunes",NULL,NULL,"2023-06-06 14:30:03"
308,13,"Ariel Levitan",NULL,NULL,"2023-06-06 14:30:03"
309,19,"Nick Fodor",NULL,NULL,"2023-06-06 14:30:03"
310,2,"Indraja Sankar",NULL,NULL,"2023-06-06 14:30:03"
311,10,"Chelsea Yang-Smith",NULL,NULL,"2023-06-06 14:30:03"
312,1,"Shane Fitzgibbon",NULL,NULL,"2023-06-06 14:30:03"
313,13,"David Frankel",NULL,NULL,"2023-06-06 14:30:03"
314,7,"Philippe Ducrest",1928,2004,"2023-06-06 14:30:03"
315,1,"Somraj Maity",NULL,NULL,"2023-06-06 14:30:03"
316,6,"Chinara Adhofer",NULL,NULL,"2023-06-06 14:30:03"
317,9,"Robin Victor",NULL,NULL,"2023-06-06 14:30:03"
318,30,"Gennette Tondino",NULL,NULL,"2023-06-06 14:30:03"
319,1,"Tinsley John",NULL,NULL,"2023-06-06 14:30:03"
320,14,"Felix Bausch",NULL,NULL,"2023-06-06 14:30:03"
321,10,"Britt Lloyd",NULL,NULL,"2023-06-06 14:30:03"
322,6,"Julio Roche",NULL,NULL,"2023-06-06 14:30:03"
323,6,"Mikhail Yutkin",NULL,NULL,"2023-06-06 14:30:03"
324,6,"Quantay Peoples",NULL,NULL,"2023-06-06 14:30:03"
325,21,"Katya Reily",NULL,NULL,"2023-06-06 14:30:03"
326,21,"Cesar Idrobo",NULL,NULL,"2023-06-06 14:30:03"
327,21,"Liliana Danute Markey",NULL,NULL,"2023-06-06 14:30:03"
328,21,"Jenna Anissa Kronenberg",NULL,NULL,"2023-06-06 14:30:03"
329,21,"Tom Mark Wong",NULL,NULL,"2023-06-06 14:30:03"
330,1,"Hector Verdugo",NULL,NULL,"2023-06-06 14:30:03"
331,16,"Nicole Corzine",NULL,NULL,"2023-06-06 14:30:03"
332,9,"Steven Felix",NULL,NULL,"2023-06-06 14:30:03"
333,15,"Sean Burns",NULL,NULL,"2023-06-06 14:30:03"
334,6,"Abbi Jackson",NULL,NULL,"2023-06-06 14:30:03"
335,9,"Andrew Minter",NULL,NULL,"2023-06-06 14:30:03"
336,3,"Kurt Gonska",NULL,NULL,"2023-06-06 14:30:03"
337,2,"Ellie McMahon",NULL,NULL,"2023-06-06 14:30:03"
338,8,"Andersyn West",NULL,NULL,"2023-06-06 14:30:03"
339,23,"Emily Ferguson",NULL,NULL,"2023-06-06 14:30:03"
340,27,"Morgan McCulloch",NULL,NULL,"2023-06-06 14:30:03"
341,4,"Martha McBride",NULL,NULL,"2023-06-06 14:30:03"
342,4,"James Reimer",NULL,NULL,"2023-06-06 14:30:03"
343,30,"Rayshawna Fraser",NULL,NULL,"2023-06-06 14:30:03"
344,19,"Adam Reitano",NULL,NULL,"2023-06-06 14:30:03"
345,30,"Germoney Scott",NULL,NULL,"2023-06-06 14:30:03"
346,7,"Umapathy Ramaiah",NULL,NULL,"2023-06-06 14:30:03"
347,2,"Dani Armando",NULL,NULL,"2023-06-06 14:30:03"
348,7,"Kai Crawford",NULL,NULL,"2023-06-06 14:30:03"
349,4,"Juan Carlos Garrote",NULL,NULL,"2023-06-06 14:30:03"
350,4,"Virginia Gómez",NULL,NULL,"2023-06-06 14:30:03"
351,6,"Ron De Sillers",NULL,NULL,"2023-06-06 14:30:03"
352,6,"Carlos Garcia",NULL,NULL,"2023-06-06 14:30:03"
353,6,"Dick Bergen",NULL,NULL,"2023-06-06 14:30:03"
354,6,"Beto Ocasio",NULL,NULL,"2023-06-06 14:30:03"
355,6,"Frank Pichardo",NULL,NULL,"2023-06-06 14:30:03"
356,6,"Robert Albino",NULL,NULL,"2023-06-06 14:30:03"
357,6,"Yezid Barajas",NULL,NULL,"2023-06-06 14:30:03"
358,6,"Charlie Trice",NULL,NULL,"2023-06-06 14:30:03"
359,6,"Juan Carlos Romero",NULL,NULL,"2023-06-06 14:30:03"
360,19,"Antonio Rodríguez Wilson",NULL,NULL,"2023-06-06 14:30:03"
361,19,"Pedro Villabona",NULL,NULL,"2023-06-06 14:30:03"
362,9,"Ayal Joshua",NULL,NULL,"2023-06-06 14:30:03"
363,9,"José Enrique Bermudez",NULL,NULL,"2023-06-06 14:30:03"
364,9,"Luis Troccoli",NULL,NULL,"2023-06-06 14:30:03"
365,6,"Robert Britton",NULL,NULL,"2023-06-06 14:30:03"
366,6,"Damon Freeman",NULL,NULL,"2023-06-06 14:30:03"
367,5,"Matt Mikasa",NULL,NULL,"2023-06-06 14:30:03"
368,2,"Apollo Jane",NULL,NULL,"2023-06-06 14:30:03"
369,1,"Ram C.",NULL,NULL,"2023-06-06 14:30:03"
370,4,"Krystle Weaver",NULL,NULL,"2023-06-06 14:30:03"
371,2,"Wendy Kraan",NULL,NULL,"2023-06-06 14:30:03"
372,1,"Albert-Jan Boontje",NULL,NULL,"2023-06-06 14:30:03"
373,4,"Murat Eryigit",NULL,NULL,"2023-06-06 14:30:03"
374,4,"Silke Schnee",NULL,NULL,"2023-06-06 14:30:03"
375,1,"Rio & Santos",NULL,NULL,"2023-06-06 14:30:03"
376,2,"Tamara Jones",NULL,NULL,"2023-06-06 14:30:03"
377,13,"Lito Hernandez",NULL,NULL,"2023-06-06 14:30:03"
378,3,"Colleen Galan",NULL,NULL,"2023-06-06 14:30:03"
379,1,"Anderson Levandoski",NULL,NULL,"2023-06-06 14:30:03"
380,11,"Brad Lauren",NULL,NULL,"2023-06-06 14:30:03"
381,1,"Amauri Reis",NULL,NULL,"2023-06-06 14:30:03"
382,2,"Kassie Boone",NULL,NULL,"2023-06-06 14:30:03"
383,1,"Shannon Caruso",NULL,NULL,"2023-06-06 14:30:03"
384,3,"Jim Thweatt",NULL,NULL,"2023-06-06 14:30:03"
385,4,"Girish Balan",NULL,NULL,"2023-06-06 14:30:03"
386,2,"Bella Elizabeth",NULL,NULL,"2023-06-06 14:30:03"
387,1,"Courtney Dease",NULL,NULL,"2023-06-06 14:30:03"
388,8,"Zhan Budev",NULL,NULL,"2023-06-06 14:30:03"
389,6,"Johnny Phillips",NULL,NULL,"2023-06-06 14:30:03"
390,20,"Nat Gonella and His Georgians",NULL,NULL,"2023-06-06 14:30:03"
391,7,"Giorgos Papaioannou",NULL,NULL,"2023-06-06 14:30:03"
392,4,"Robert Gordon Jr.",NULL,NULL,"2023-06-06 14:30:03"
393,3,"Kim Kimmel",NULL,NULL,"2023-06-06 14:30:03"
394,4,"Cj Paul",NULL,NULL,"2023-06-06 14:30:03"
395,4,"Saskia Eder",NULL,NULL,"2023-06-06 14:30:03"
396,3,"Doris McNew",NULL,NULL,"2023-06-06 14:30:03"
397,5,"Mike Czuba",NULL,NULL,"2023-06-06 14:30:03"
398,2,"Nadia Jakoubek",NULL,NULL,"2023-06-06 14:30:03"
399,13,"Letizia Pacchioni",NULL,NULL,"2023-06-06 14:30:03"
400,13,"Mary Williams",NULL,NULL,"2023-06-06 14:30:03"
401,1,"Arunava Dey",NULL,NULL,"2023-06-06 14:30:03"
402,4,"Claudia Phaa Rowe",NULL,NULL,"2023-06-06 14:30:03"
403,7,"Joseph Tury",NULL,NULL,"2023-06-06 14:30:03"
404,12,"Joel Hinkle",NULL,NULL,"2023-06-06 14:30:03"
405,1,"Will Caceres",NULL,NULL,"2023-06-06 14:30:03"
406,8,"Shyla Ford",NULL,NULL,"2023-06-06 14:30:03"
407,12,"Sten Löfman",NULL,NULL,"2023-06-06 14:30:03"
408,2,"Maria Voskopoulou",NULL,NULL,"2023-06-06 14:30:03"
409,11,"Francies Louis",NULL,NULL,"2023-06-06 14:30:03"
410,2,"Tiana Hill",NULL,NULL,"2023-06-06 14:30:03"
411,6,"Christopher K. Grant",NULL,NULL,"2023-06-06 14:30:03"
412,11,"Vigo Vasquez",NULL,NULL,"2023-06-06 14:30:03"
413,2,"Dee Marie",NULL,NULL,"2023-06-06 14:30:03"
414,1,"Rico Santana Sewell",NULL,NULL,"2023-06-06 14:30:03"
415,1,"Harper Anthony",NULL,NULL,"2023-06-06 14:30:03"
416,1,"Udell Owney",NULL,NULL,"2023-06-06 14:30:03"
417,1,"Lavell Moore",NULL,NULL,"2023-06-06 14:30:03"
418,1,"Julian T. Allen",NULL,NULL,"2023-06-06 14:30:03"
419,1,"Brian Space",NULL,NULL,"2023-06-06 14:30:03"
420,1,"Norman McBride",NULL,NULL,"2023-06-06 14:30:03"
421,2,"Paula Hawkins",NULL,NULL,"2023-06-06 14:30:03"
422,1,"Cameron Rudder",NULL,NULL,"2023-06-06 14:30:03"
423,1,"Marcus Puller",NULL,NULL,"2023-06-06 14:30:03"
424,1,"Valaun Baldwin",NULL,NULL,"2023-06-06 14:30:03"
425,1,"Kevin Livous",NULL,NULL,"2023-06-06 14:30:03"
426,4,"Danny Fields",NULL,NULL,"2023-06-06 14:30:03"
427,4,"Tewonna Williams",NULL,NULL,"2023-06-06 14:30:03"
428,4,"Neesha Bass",NULL,NULL,"2023-06-06 14:30:03"
429,10,"Jakub Wasowski",NULL,NULL,"2023-06-06 14:30:03"
430,7,"Vanessa de Araújo Souza",NULL,NULL,"2023-06-06 14:30:03"
431,10,"Reinaldo Faccini",NULL,NULL,"2023-06-06 14:30:03"
432,2,"Roy Angana",NULL,NULL,"2023-06-06 14:30:03"
433,9,"Chloe Spicer",NULL,NULL,"2023-06-06 14:30:03"
434,2,"Lindsay Brooke Vernon",NULL,NULL,"2023-06-06 14:30:03"
435,11,"George Bergel",NULL,NULL,"2023-06-06 14:30:03"
436,3,"Charles Rickleton",NULL,NULL,"2023-06-06 14:30:03"
437,3,"Clayton Misura",NULL,NULL,"2023-06-06 14:30:03"
438,3,"Jade Harrison",NULL,NULL,"2023-06-06 14:30:03"
439,3,"Kevin Woods",NULL,NULL,"2023-06-06 14:30:03"
440,3,"Sarah Wildash",NULL,NULL,"2023-06-06 14:30:03"
441,3,"Jonathan Mosney",NULL,NULL,"2023-06-06 14:30:03"
442,3,"Sebastian Koseda",NULL,NULL,"2023-06-06 14:30:03"
443,3,"Tom Pursey",NULL,NULL,"2023-06-06 14:30:03"
444,19,"Soraya Perry",NULL,NULL,"2023-06-06 14:30:03"
445,1,"Emma DeVries",NULL,NULL,"2023-06-06 14:30:03"
446,5,"Justin Schneider",NULL,NULL,"2023-06-06 14:30:03"
447,5,"Elizabeth O'Brien",NULL,NULL,"2023-06-06 14:30:03"
448,12,"Monica Brown",NULL,NULL,"2023-06-06 14:30:03"
449,1,"Remington J. Curren",NULL,NULL,"2023-06-06 14:30:03"
450,1,"Ban Folo",NULL,NULL,"2023-06-06 14:30:03"
451,2,"Aurora Fox",NULL,NULL,"2023-06-06 14:30:03"
452,7,"Ferhat Sendag",NULL,NULL,"2023-06-06 14:30:03"
453,7,"Revicko Octavian",NULL,NULL,"2023-06-06 14:30:03"
454,4,"Agnes Septiana",NULL,NULL,"2023-06-06 14:30:03"
455,3,"Angela Soon",NULL,NULL,"2023-06-06 14:30:03"
456,25,"Blessing Dickson",NULL,NULL,"2023-06-06 14:30:03"
457,1,"Mustang Medina",NULL,NULL,"2023-06-06 14:30:03"
458,1,"Santana Cruz",NULL,NULL,"2023-06-06 14:30:03"
459,2,"Nora Tynelius",NULL,NULL,"2023-06-06 14:30:03"
460,2,"Ulla Bella Gulleus",NULL,NULL,"2023-06-06 14:30:03"
461,2,"Belle Weihs",NULL,NULL,"2023-06-06 14:30:03"
462,1,"Bashar Mohammed",NULL,NULL,"2023-06-06 14:30:03"
463,16,"Dossie Donaldson",NULL,NULL,"2023-06-06 14:30:03"
464,2,"Anya Lebedenko",NULL,NULL,"2023-06-06 14:30:03"
465,7,"Biswajit Dutta",NULL,NULL,"2023-06-06 14:30:03"
466,9,"Meg Fisher",NULL,NULL,"2023-06-06 14:30:03"
467,1,"Keinosuke Onoe",NULL,NULL,"2023-06-06 14:30:03"
468,2,"Eiko Tanigawa",NULL,NULL,"2023-06-06 14:30:03"
469,1,"Aigô Ôtsuka",NULL,NULL,"2023-06-06 14:30:03"
470,21,"Felicia Ezeomodo",NULL,NULL,"2023-06-06 14:30:03"
471,1,"Nathan Lathroum",NULL,NULL,"2023-06-06 14:30:03"
472,16,"Sarah Haberman",NULL,NULL,"2023-06-06 14:30:03"
473,2,"Sami Nardone",NULL,NULL,"2023-06-06 14:30:03"
474,11,"Don Aaron",NULL,NULL,"2023-06-06 14:30:03"
475,19,"Jake Kennedy",NULL,NULL,"2023-06-06 14:30:03"
476,17,"Shivani Singh",NULL,NULL,"2023-06-06 14:30:03"
477,5,"Thisura Hewage",NULL,NULL,"2023-06-06 14:30:03"
478,5,"Janudha Fernando",NULL,NULL,"2023-06-06 14:30:03"
479,2,"Tegan Riechers",NULL,NULL,"2023-06-06 14:30:03"
480,1,"Vidun Hewage",NULL,NULL,"2023-06-06 14:30:03"
481,2,"Despina Mirou",NULL,NULL,"2023-06-06 14:30:03"
482,10,"Wei Li",NULL,NULL,"2023-06-06 14:30:03"
483,10,"Xiaofu Li",NULL,NULL,"2023-06-06 14:30:03"
484,4,"Art Okun",NULL,NULL,"2023-06-06 14:30:03"
485,2,Misty,NULL,NULL,"2023-06-06 14:30:03"
486,1,"Jack Smith",NULL,NULL,"2023-06-06 14:30:03"
487,1,"John Smith",NULL,NULL,"2023-06-06 14:30:03"
488,2,"Jessie Smith",NULL,NULL,"2023-06-06 14:30:03"
489,1,"Mark Smith",NULL,NULL,"2023-06-06 14:30:03"
490,7,"Dave Farina",NULL,NULL,"2023-06-06 14:30:03"
491,6,"Abimbola Olalekan",NULL,NULL,"2023-06-06 14:30:03"
492,5,"Hartl Weg",NULL,NULL,"2023-06-06 14:30:03"
493,19,"Stephen Horn",NULL,NULL,"2023-06-06 14:30:03"
494,1,"Aqsal Bayu Arbima",NULL,NULL,"2023-06-06 14:30:03"
495,1,"Reyza Julyansyah",NULL,NULL,"2023-06-06 14:30:03"
496,2,"Emerentia Indah",NULL,NULL,"2023-06-06 14:30:03"
497,1,"Selo Argananto",NULL,NULL,"2023-06-06 14:30:03"
498,5,"Joshua Dho Sopana",NULL,NULL,"2023-06-06 14:30:03"
499,10,"Ida Kusuma Suryani",NULL,NULL,"2023-06-06 14:30:03"
500,11,"Muhammad Aji Setyo Laksono",NULL,NULL,"2023-06-06 14:30:03"
501,4,"Tesa Lau",NULL,NULL,"2023-06-06 14:30:03"
502,19,"Ben Hendrickson",NULL,NULL,"2023-06-06 14:30:03"
503,6,"Andrew Koplinski",NULL,NULL,"2023-06-06 14:30:03"
504,5,"Mark McGarrity",NULL,NULL,"2023-06-06 14:30:03"
505,7,"Leon Daniel",1927,2008,"2023-06-06 14:30:03"
506,1,"Bill Grant",NULL,NULL,"2023-06-06 14:30:03"
507,1,"Papapanagiotou Thiseas",NULL,NULL,"2023-06-06 14:30:03"
508,2,"Amaka Nwana",NULL,NULL,"2023-06-06 14:30:03"
509,7,"Christian Mrasek",NULL,NULL,"2023-06-06 14:30:03"
510,22,"Chukwudi Ekwuruke",NULL,NULL,"2023-06-06 14:30:03"
511,18,"Tomas Morgan",NULL,NULL,"2023-06-06 14:30:03"
512,31,"Bela Horvath",NULL,NULL,"2023-06-06 14:30:03"
513,6,"Sandro Canestrelli",NULL,NULL,"2023-06-06 14:30:03"
514,3,"Franco Corbi",NULL,NULL,"2023-06-06 14:30:03"
515,12,"Mario Robbiani",NULL,NULL,"2023-06-06 14:30:03"
516,9,"Bruno Moreci",NULL,NULL,"2023-06-06 14:30:03"
517,1,"Simhape Dennis",NULL,NULL,"2023-06-06 14:30:03"
518,11,"Rafiu Olaitan Aliu",NULL,NULL,"2023-06-06 14:30:03"
519,28,"Veronika Ilinskaya",NULL,NULL,"2023-06-06 14:30:03"
520,2,"Mahout Elisavet",NULL,NULL,"2023-06-06 14:30:03"
521,1,"Giannis Karouzakis",NULL,NULL,"2023-06-06 14:30:03"
522,1,"Antonis Skyvalos",NULL,NULL,"2023-06-06 14:30:03"
523,1,"Dimitris Galanakis",NULL,NULL,"2023-06-06 14:30:03"
524,4,"Joseph DePompeii",NULL,NULL,"2023-06-06 14:30:03"
525,9,"Kevin Perry",1976,NULL,"2023-06-06 14:30:03"
526,18,"Guy Neale",NULL,NULL,"2023-06-06 14:30:03"
527,7,"Jake Sandvik",NULL,NULL,"2023-06-06 14:30:03"
528,4,"Dave Manoucheri",NULL,NULL,"2023-06-06 14:30:03"
529,1,"Javier Cruzz",NULL,NULL,"2023-06-06 14:30:03"
530,1,"Corey Robinson",NULL,NULL,"2023-06-06 14:30:03"
531,2,"Staci Braziel",NULL,NULL,"2023-06-06 14:30:03"
532,1,"Tony Davis",NULL,NULL,"2023-06-06 14:30:03"
533,1,"Lamar Brown",NULL,NULL,"2023-06-06 14:30:03"
534,2,"Robyn Everett",NULL,NULL,"2023-06-06 14:30:03"
535,2,"Theresa Bosan",NULL,NULL,"2023-06-06 14:30:03"
536,1,"Caleb Thompson",NULL,NULL,"2023-06-06 14:30:03"
537,1,"Dave Williams",NULL,NULL,"2023-06-06 14:30:03"
538,1,"Yaki Hillery",NULL,NULL,"2023-06-06 14:30:03"
539,5,"Larry Wilson",NULL,NULL,"2023-06-06 14:30:03"
540,11,"P.N. Rao",NULL,NULL,"2023-06-06 14:30:03"
541,4,"Y. Anantharama Rao",NULL,NULL,"2023-06-06 14:30:03"
542,1,"Luke Davis",NULL,NULL,"2023-06-06 14:30:03"
543,5,"Carolyn Saunders",NULL,NULL,"2023-06-06 14:30:03"
544,4,"Georges Bouboulis",NULL,NULL,"2023-06-06 14:30:03"
545,14,"Cathy Chevalier",NULL,NULL,"2023-06-06 14:30:03"
546,3,"Jack Heins",NULL,NULL,"2023-06-06 14:30:03"
547,3,"Chris Moncrief",NULL,NULL,"2023-06-06 14:30:03"
548,17,"Ben Miers",NULL,NULL,"2023-06-06 14:30:03"
549,5,"Fritz Prochnewski",NULL,NULL,"2023-06-06 14:30:03"
550,13,"Peter Robinson",NULL,NULL,"2023-06-06 14:30:03"
551,28,"Carl Friedrich Oberle",NULL,NULL,"2023-06-06 14:30:03"
552,2,"Nicole Foster",NULL,NULL,"2023-06-06 14:30:03"
553,1,"Jonas René Bengtson",NULL,NULL,"2023-06-06 14:30:03"
554,1,"Owen Guiffre",NULL,NULL,"2023-06-06 14:30:03"
555,14,"Stylianos Papardelas",NULL,NULL,"2023-06-06 14:30:03"
556,3,"Diane Champagne",NULL,NULL,"2023-06-06 14:30:03"
557,1,"HiHi Jets",NULL,NULL,"2023-06-06 14:30:03"
558,1,Kat-Tun,NULL,NULL,"2023-06-06 14:30:03"
559,1,"Travis Japan",NULL,NULL,"2023-06-06 14:30:03"
560,1,"Manolis Makrakis",NULL,NULL,"2023-06-06 14:30:03"
561,1,"Giorgos Iliadis",NULL,NULL,"2023-06-06 14:30:03"
562,1,"Mário Filipe Neves",1983,NULL,"2023-06-06 14:30:03"
563,3,"David Trask",NULL,NULL,"2023-06-06 14:30:03"
564,18,"Nicholas Pudjanegara",NULL,NULL,"2023-06-06 14:30:03"
565,18,"Richard Huang",NULL,NULL,"2023-06-06 14:30:03"
566,6,"Marianna Hill",NULL,NULL,"2023-06-06 14:30:03"
567,21,"Kalliopi Gianoudis",NULL,NULL,"2023-06-06 14:30:03"
568,11,"Zoe Dion",NULL,NULL,"2023-06-06 14:30:03"
569,1,"Alejandro Peral",NULL,NULL,"2023-06-06 14:30:03"
570,16,"Bela Dsousa",NULL,NULL,"2023-06-06 14:30:03"
571,17,"Line Toy",NULL,NULL,"2023-06-06 14:30:03"
572,8,"Amanda Precopio",NULL,NULL,"2023-06-06 14:30:03"
573,17,"Neha Pande",NULL,NULL,"2023-06-06 14:30:03"
574,3,"Mel Braxton",NULL,NULL,"2023-06-06 14:30:03"
575,4,"Ryan Parris",NULL,NULL,"2023-06-06 14:30:03"
576,4,"Yoe Suárez",NULL,NULL,"2023-06-06 14:30:03"
577,1,"James Rivard",NULL,NULL,"2023-06-06 14:30:03"
578,1,"Ali Nasir",NULL,NULL,"2023-06-06 14:30:03"
579,11,"Buzz Rawls",NULL,NULL,"2023-06-06 14:30:03"
580,13,"Lars Danielsson",NULL,NULL,"2023-06-06 14:30:03"
581,4,"Kunal Chandna",NULL,NULL,"2023-06-06 14:30:03"
582,1,"Noel Kawashima",NULL,NULL,"2023-06-06 14:30:03"
583,1,"Ionas Vasilakis",NULL,NULL,"2023-06-06 14:30:03"
584,21,"Corinne Bouquet",NULL,NULL,"2023-06-06 14:30:03"
585,2,"Donna Russo",NULL,NULL,"2023-06-06 14:30:03"
586,2,"Cara Kavanaugh",1965,NULL,"2023-06-06 14:30:03"
587,2,"Hanna Rieber",1927,2014,"2023-06-06 14:30:03"
588,7,"Marianne Pletscher",NULL,NULL,"2023-06-06 14:30:03"
589,14,"Pamela Sue Repp",NULL,NULL,"2023-06-06 14:30:03"
590,4,"Peter Egloff",NULL,NULL,"2023-06-06 14:30:03"
591,7,"Jukka Schmidt",1970,NULL,"2023-06-06 14:30:03"
592,16,"Skeet Karsgaard",NULL,NULL,"2023-06-06 14:30:03"
593,13,"Johnny Rosen",NULL,NULL,"2023-06-06 14:30:03"
594,9,"Billy Saurel",NULL,NULL,"2023-06-06 14:30:03"
595,3,"Thomas Danielsson",NULL,NULL,"2023-06-06 14:30:03"
596,12,"Ruben Schimano",1930,NULL,"2023-06-06 14:30:03"
597,1,"Tommy Strasz",NULL,NULL,"2023-06-06 14:30:03"
598,1,"Greg Teachout",NULL,NULL,"2023-06-06 14:30:03"
599,11,"Nathalie Triniac",NULL,NULL,"2023-06-06 14:30:03"
600,6,"John Flanagan",NULL,NULL,"2023-06-06 14:30:03"
601,2,"Laila Zaid",1984,NULL,"2023-06-06 14:30:03"
602,6,"Angel Matos",NULL,NULL,"2023-06-06 14:30:03"
603,11,"Sam Rice-Edwards",NULL,NULL,"2023-06-06 14:30:03"
604,2,"Chantel Urso",NULL,NULL,"2023-06-06 14:30:03"
605,4,"Valerie Lyon",NULL,NULL,"2023-06-06 14:30:03"
606,10,"Palle Schultz",NULL,NULL,"2023-06-06 14:30:03"
607,1,"Ken Taylor",NULL,NULL,"2023-06-06 14:30:03"
608,1,"Mocha Mitchell",NULL,NULL,"2023-06-06 14:30:03"
609,20,"Luiza Possi",1984,NULL,"2023-06-06 14:30:03"
610,1,"Anthony J. Caruso",NULL,NULL,"2023-06-06 14:30:03"
611,3,"Karen Gilbert",1951,NULL,"2023-06-06 14:30:03"
612,14,"Alexis Sikorsky",NULL,NULL,"2023-06-06 14:30:03"
613,12,"Tian DeSeta",NULL,NULL,"2023-06-06 14:30:03"
614,2,"Gipsy Kiss",NULL,NULL,"2023-06-06 14:30:03"
615,28,"Renee Granville",NULL,NULL,"2023-06-06 14:30:03"
616,14,"Joanna Krauze",NULL,NULL,"2023-06-06 14:30:03"
617,4,"Markus Heidemanns",NULL,NULL,"2023-06-06 14:30:03"
618,12,"Giovanni Lodigiani",NULL,NULL,"2023-06-06 14:30:03"
619,10,"Gerardo Barroso",NULL,NULL,"2023-06-06 14:30:03"
620,6,"Allen Fuqua",NULL,NULL,"2023-06-06 14:30:03"
621,23,"Jim Stanley",NULL,NULL,"2023-06-06 14:30:03"
622,7,"Sherman Halsey",1957,2013,"2023-06-06 14:30:03"
623,5,"Adrian Turner",NULL,NULL,"2023-06-06 14:30:03"
624,4,"Jeff Burton",NULL,NULL,"2023-06-06 14:30:03"
625,1,"Rick Kunzi",NULL,NULL,"2023-06-06 14:30:03"
626,2,"Katrina Novak",NULL,NULL,"2023-06-06 14:30:03"
627,9,"Roger Leclerc",NULL,NULL,"2023-06-06 14:30:03"
628,13,"Susan Hackney",NULL,NULL,"2023-06-06 14:30:03"
629,6,"Simon Q. Walden",NULL,NULL,"2023-06-06 14:30:03"
630,24,"Logan Brown",NULL,NULL,"2023-06-06 14:30:03"
631,2,"Johanna Lixey",NULL,NULL,"2023-06-06 14:30:03"
632,11,"Aaron I. Butler",NULL,NULL,"2023-06-06 14:30:03"
633,7,"J.X. Williams",NULL,NULL,"2023-06-06 14:30:03"
634,5,"Steve Heiser",NULL,NULL,"2023-06-06 14:30:03"
635,4,"Joshua Siegel",NULL,NULL,"2023-06-06 14:30:03"
636,7,"Dominick Evans",1980,NULL,"2023-06-06 14:30:03"
637,2,"Lia Brunner",NULL,NULL,"2023-06-06 14:30:03"
638,2,"Tiny Paradise",NULL,NULL,"2023-06-06 14:30:03"
639,14,"Sarah Triolet",NULL,NULL,"2023-06-06 14:30:03"
640,20,"Heinrich Suso",NULL,NULL,"2023-06-06 14:30:03"
641,2,"Adriana Bocalón",1965,NULL,"2023-06-06 14:30:03"
642,11,"Lin Polito",NULL,NULL,"2023-06-06 14:30:03"
643,2,"Uma Best",NULL,NULL,"2023-06-06 14:30:03"
644,9,"Carl Barton",NULL,NULL,"2023-06-06 14:30:03"
645,1,"Keith Best",1922,2008,"2023-06-06 14:30:03"
646,7,Patrixx,NULL,NULL,"2023-06-06 14:30:03"
647,19,"Lisa Tillinger",NULL,NULL,"2023-06-06 14:30:03"
648,3,"Vic Grenier",NULL,NULL,"2023-06-06 14:30:03"
649,21,"Phyllis Weintraub",NULL,NULL,"2023-06-06 14:30:03"
650,4,"Alan So",NULL,NULL,"2023-06-06 14:30:03"
651,4,"Joey Di Francesco",NULL,NULL,"2023-06-06 14:30:03"
652,7,"Mike Gibilisco",NULL,NULL,"2023-06-06 14:30:03"
653,1,"Tim Trombitas",NULL,NULL,"2023-06-06 14:30:03"
654,13,"Madeleine Marchant",NULL,NULL,"2023-06-06 14:30:03"
655,2,"Gina Mouery",NULL,NULL,"2023-06-06 14:30:03"
656,4,"Becca Reed",NULL,NULL,"2023-06-06 14:30:03"
657,2,"Tammy Di Calafiori",1989,NULL,"2023-06-06 14:30:03"
658,5,"François Busnel",NULL,NULL,"2023-06-06 14:30:03"
659,4,"Rossana Noceloni",NULL,NULL,"2023-06-06 14:30:03"
660,4,"Kathleen Warners",NULL,NULL,"2023-06-06 14:30:03"
661,1,"Adriano Peterman",NULL,NULL,"2023-06-06 14:30:03"
662,7,"Eva Libertad",NULL,NULL,"2023-06-06 14:30:03"
663,14,"Nora Delgado",NULL,NULL,"2023-06-06 14:30:03"
664,7,"Dario Peña",NULL,NULL,"2023-06-06 14:30:03"
665,1,"Jason White",NULL,NULL,"2023-06-06 14:30:03"
666,2,"Katie Borland",NULL,NULL,"2023-06-06 14:30:03"
667,10,"Francesco Medosi",NULL,NULL,"2023-06-06 14:30:03"
668,13,"Backa Hans Eriksson",NULL,NULL,"2023-06-06 14:30:03"
669,4,"Arlington Forbes",NULL,NULL,"2023-06-06 14:30:03"
670,1,"Christine Reilly",NULL,NULL,"2023-06-06 14:30:03"
671,4,"W. Kent Gilbert",NULL,NULL,"2023-06-06 14:30:03"
672,4,"Migdalia Etheridge",NULL,NULL,"2023-06-06 14:30:03"
673,4,"Patricia Curtice",NULL,NULL,"2023-06-06 14:30:03"
674,4,"Philip Mangano",NULL,NULL,"2023-06-06 14:30:03"
675,3,"Henry Endress",NULL,NULL,"2023-06-06 14:30:03"
676,2,"Aluma Shalom",NULL,NULL,"2023-06-06 14:30:03"
677,1,"Joe Dombrowski",NULL,NULL,"2023-06-06 14:30:03"
678,4,"Michael Boczon",NULL,NULL,"2023-06-06 14:30:03"
679,4,"Dino May",NULL,NULL,"2023-06-06 14:30:03"
680,2,"Daniela Carvalho",NULL,NULL,"2023-06-06 14:30:03"
681,7,"Jan-Peter Meier",NULL,NULL,"2023-06-06 14:30:03"
682,4,"Cat Josell",NULL,NULL,"2023-06-06 14:30:03"
683,6,"Guy Dadoun",NULL,NULL,"2023-06-06 14:30:03"
684,18,"John Williams",NULL,NULL,"2023-06-06 14:30:03"
685,1,"Steffen Henssler",1972,NULL,"2023-06-06 14:30:03"
686,4,"Michael Grabemeyer",NULL,NULL,"2023-06-06 14:30:03"
687,5,"Adam Meyer",NULL,NULL,"2023-06-06 14:30:03"
688,2,"Janet Lockwood",NULL,NULL,"2023-06-06 14:30:03"
689,7,"Louis Dahl",NULL,NULL,"2023-06-06 14:30:03"
690,5,"Guglielmo Petroni",1911,1993,"2023-06-06 14:30:03"
691,12,"Monsieur Leroc",NULL,NULL,"2023-06-06 14:30:03"
692,10,"Krzysztof Hampel",NULL,NULL,"2023-06-06 14:30:03"
693,2,"Cécile Marmier",NULL,NULL,"2023-06-06 14:30:03"
694,4,"Vince Kesavamoorthy",NULL,NULL,"2023-06-06 14:30:03"
695,4,"Mikael Opstrup",NULL,NULL,"2023-06-06 14:30:03"
696,4,"Shiyamalan Kesavamoorthy",NULL,NULL,"2023-06-06 14:30:03"
697,9,"Viktor Shchigol",NULL,NULL,"2023-06-06 14:30:03"
698,7,"Sebastián Grasso",NULL,NULL,"2023-06-06 14:30:03"
699,2,"Leni Mex",NULL,NULL,"2023-06-06 14:30:03"
700,17,"Jeffery Kerr",NULL,NULL,"2023-06-06 14:30:03"
701,3,"Gregory Power",NULL,NULL,"2023-06-06 14:30:03"
702,1,"Rob Blankenhorn",NULL,NULL,"2023-06-06 14:30:03"
703,1,"Josh Dasen",NULL,NULL,"2023-06-06 14:30:03"
704,2,"Kimmi Voight",NULL,NULL,"2023-06-06 14:30:03"
705,1,"Giordano Becheleni",NULL,NULL,"2023-06-06 14:30:03"
706,1,"Franck Sarrabas",NULL,NULL,"2023-06-06 14:30:03"
707,1,"Brian Kopinski",NULL,NULL,"2023-06-06 14:30:03"
708,2,"Krista Akmon",NULL,NULL,"2023-06-06 14:30:03"
709,1,"Matt Bertram",NULL,NULL,"2023-06-06 14:30:03"
710,1,"Derek Johnson",NULL,NULL,"2023-06-06 14:30:03"
711,1,"Jerry Pruitt",NULL,NULL,"2023-06-06 14:30:03"
712,1,"Paul Larry",NULL,NULL,"2023-06-06 14:30:03"
713,1,"Ryan Gaffke",NULL,NULL,"2023-06-06 14:30:03"
714,4,"Amy VandenBerghe",NULL,NULL,"2023-06-06 14:30:03"
715,1,"Mark Koonter",NULL,NULL,"2023-06-06 14:30:03"
716,1,"Kirk Easterbrook",NULL,NULL,"2023-06-06 14:30:03"
717,1,"Tom Ultz",NULL,NULL,"2023-06-06 14:30:03"
718,1,"Gregory Baker",NULL,NULL,"2023-06-06 14:30:03"
719,2,"Suzanne DiBiazio",NULL,NULL,"2023-06-06 14:30:03"
720,16,"Beckett Fabbie",NULL,NULL,"2023-06-06 14:30:03"
721,6,"Dan Wagner",NULL,NULL,"2023-06-06 14:30:03"
722,1,"Maurizio Comito",NULL,2014,"2023-06-06 14:30:03"
723,6,"Don Clagett",NULL,NULL,"2023-06-06 14:30:03"
724,6,"Larry Bearden",NULL,NULL,"2023-06-06 14:30:03"
725,5,"Juliana Peres",NULL,NULL,"2023-06-06 14:30:03"
726,3,"Zelda Archer",NULL,NULL,"2023-06-06 14:30:03"
727,3,"Gaylon Holloway",NULL,NULL,"2023-06-06 14:30:03"
728,2,"Abbey Plaatjes",NULL,NULL,"2023-06-06 14:30:03"
729,15,"Oliver Manuel",NULL,NULL,"2023-06-06 14:30:03"
730,15,"Michelle Fuller",NULL,NULL,"2023-06-06 14:30:03"
731,15,"Seth Poiley",NULL,NULL,"2023-06-06 14:30:03"
732,1,"Le Hang",NULL,NULL,"2023-06-06 14:30:03"
733,16,"Nanette Crafton",NULL,NULL,"2023-06-06 14:30:03"
734,7,"Annette Zinkant",NULL,NULL,"2023-06-06 14:30:03"
735,29,"Alan Herman",NULL,NULL,"2023-06-06 14:30:03"
736,7,"Tanisha White",NULL,NULL,"2023-06-06 14:30:03"
737,1,"Dany Maydel",NULL,NULL,"2023-06-06 14:30:03"
738,2,"Barbara Nawroth",NULL,NULL,"2023-06-06 14:30:03"
739,1,"Léo Bardollet",NULL,NULL,"2023-06-06 14:30:03"
740,1,"Marcos Pitombo",1982,NULL,"2023-06-06 14:30:03"
741,3,"John Barrow",NULL,NULL,"2023-06-06 14:30:03"
742,13,"Terry McMillan",NULL,NULL,"2023-06-06 14:30:03"
743,10,"Petr Novitsky",NULL,NULL,"2023-06-06 14:30:03"
744,12,"Paulo Tatit",NULL,NULL,"2023-06-06 14:30:03"
745,5,"Bobby Miyamoto",NULL,NULL,"2023-06-06 14:30:03"
746,22,"Raphael Banks",NULL,NULL,"2023-06-06 14:30:03"
747,1,"Puja Behboud",1977,NULL,"2023-06-06 14:30:03"
748,24,"Tara Deadrick",1987,NULL,"2023-06-06 14:30:03"
749,14,"Farzad Farzaneh",NULL,NULL,"2023-06-06 14:30:03"
750,4,"Daniel Honan",1977,NULL,"2023-06-06 14:30:03"
751,5,"Valerio Zanoli",NULL,NULL,"2023-06-06 14:30:03"
752,1,"Derrick Williams",NULL,NULL,"2023-06-06 14:30:03"
753,6,"Thomas Hennessy",1976,NULL,"2023-06-06 14:30:03"
754,3,"Margaret Archer",NULL,NULL,"2023-06-06 14:30:03"
755,1,"Giannis Paraoulakis",NULL,NULL,"2023-06-06 14:30:03"
756,16,"Michelle Torres",NULL,NULL,"2023-06-06 14:30:03"
757,18,"Evelyne Arcouette",NULL,NULL,"2023-06-06 14:30:03"
758,18,"Anne Beauregard",NULL,NULL,"2023-06-06 14:30:03"
759,2,Ventura,NULL,NULL,"2023-06-06 14:30:03"
760,1,"Chilton & Thomas",NULL,NULL,"2023-06-06 14:30:03"
761,2,Gabriela,NULL,NULL,"2023-06-06 14:30:03"
762,2,"Helena Bush",NULL,NULL,"2023-06-06 14:30:03"
763,4,"Valeri Onya",NULL,NULL,"2023-06-06 14:30:03"
764,2,"Marie Borg",NULL,NULL,"2023-06-06 14:30:03"
765,16,"Bill Pinkney",NULL,NULL,"2023-06-06 14:30:03"
766,3,"Liezel Vermeulen",NULL,NULL,"2023-06-06 14:30:03"
767,1,"Jack Graham",NULL,NULL,"2023-06-06 14:30:03"
768,1,"Howard Hong",NULL,NULL,"2023-06-06 14:30:03"
769,1,"William Walters",NULL,NULL,"2023-06-06 14:30:03"
770,7,"Giorgos Botsos",NULL,NULL,"2023-06-06 14:30:03"
771,1,"Christian Wadiei",NULL,NULL,"2023-06-06 14:30:03"
772,16,"Rose Parsons",NULL,NULL,"2023-06-06 14:30:03"
773,5,"Elisa Manzini",NULL,NULL,"2023-06-06 14:30:03"
774,1,"Turion Wilson",NULL,NULL,"2023-06-06 14:30:03"
775,15,"Andrew Prousalis",NULL,NULL,"2023-06-06 14:30:03"
776,7,"Koos Terpstra",NULL,NULL,"2023-06-06 14:30:03"
777,2,"Karize Brum",NULL,NULL,"2023-06-06 14:30:03"
778,8,"Mark Batterman",NULL,NULL,"2023-06-06 14:30:03"
779,4,"Craig Hutchison",NULL,NULL,"2023-06-06 14:30:03"
780,20,"Kevin Gould",NULL,NULL,"2023-06-06 14:30:03"
781,13,"Larrie Londin",1943,1992,"2023-06-06 14:30:03"
782,6,"Christian Stolz",NULL,NULL,"2023-06-06 14:30:03"
783,11,"Emanuele Svezia",NULL,NULL,"2023-06-06 14:30:03"
784,15,"Nick Wurz",NULL,NULL,"2023-06-06 14:30:03"
785,4,"Sara Sometti Michaels",NULL,NULL,"2023-06-06 14:30:03"
786,18,"Joanne Disensi",NULL,NULL,"2023-06-06 14:30:03"
787,1,"Arildo Agla",1961,NULL,"2023-06-06 14:30:03"
788,1,"Johnny Rossa",NULL,NULL,"2023-06-06 14:30:03"
789,15,"Brent Pierce",NULL,NULL,"2023-06-06 14:30:03"
790,16,"Pattie Bassler",NULL,NULL,"2023-06-06 14:30:03"
791,23,"Levon Khachatryan",1941,2002,"2023-06-06 14:30:03"
792,6,"Richard Potterton",NULL,NULL,"2023-06-06 14:30:03"
793,2,"Anna Treasure",NULL,NULL,"2023-06-06 14:30:03"
794,2,"Shannon Dieriex",NULL,NULL,"2023-06-06 14:30:03"
795,8,"Micah Embry Wilmott",NULL,NULL,"2023-06-06 14:30:03"
796,2,"Beth Lepley",NULL,NULL,"2023-06-06 14:30:03"
797,2,"Joy McCoy",NULL,NULL,"2023-06-06 14:30:03"
798,13,"Wes McClintock",NULL,NULL,"2023-06-06 14:30:03"
799,5,"Dan Speerin",NULL,NULL,"2023-06-06 14:30:03"
800,10,"Mark Beal",NULL,NULL,"2023-06-06 14:30:03"
801,2,"Angeli Easwaramoorthy",NULL,NULL,"2023-06-06 14:30:03"
802,1,"Jan Piepka",1926,2001,"2023-06-06 14:30:03"
803,2,"Noriko Uchida",NULL,NULL,"2023-06-06 14:30:03"
804,18,"Steven Masson",NULL,NULL,"2023-06-06 14:30:03"
805,18,"Léonard Hecht",NULL,NULL,"2023-06-06 14:30:03"
806,18,"Serge Lauzon",NULL,NULL,"2023-06-06 14:30:03"
807,3,"Brian Karol",NULL,NULL,"2023-06-06 14:30:03"
808,18,"Don Barrette",NULL,NULL,"2023-06-06 14:30:03"
809,18,"Julie Baylis",NULL,NULL,"2023-06-06 14:30:03"
810,3,"Marie-Nicole Dupuis",NULL,NULL,"2023-06-06 14:30:03"
811,3,"Kathleen Baylis",NULL,NULL,"2023-06-06 14:30:03"
812,2,"Letícia Persiles",1983,NULL,"2023-06-06 14:30:03"
813,2,"Kendall Valerio",NULL,NULL,"2023-06-06 14:30:03"
814,1,"Chadney Cooles",NULL,NULL,"2023-06-06 14:30:03"
815,16,"Mauro Fabriczky",NULL,NULL,"2023-06-06 14:30:03"
816,1,"Brandon Delph",NULL,NULL,"2023-06-06 14:30:03"
817,18,"Bill Meeks",NULL,NULL,"2023-06-06 14:30:03"
818,6,"Samuel Shelton",NULL,NULL,"2023-06-06 14:30:03"
819,2,"Polly Marinho",NULL,NULL,"2023-06-06 14:30:03"
820,3,"Cindy Sinclair",NULL,NULL,"2023-06-06 14:30:03"
821,1,"Michael Horner",NULL,NULL,"2023-06-06 14:30:03"
822,13,"Doreonne Stramler",NULL,NULL,"2023-06-06 14:30:03"
823,2,"Helena White",NULL,NULL,"2023-06-06 14:30:03"
824,1,"Andrzej Styn",NULL,NULL,"2023-06-06 14:30:03"
825,1,"Emil Budzisz",NULL,NULL,"2023-06-06 14:30:03"
826,2,"Kseniya Ignatova",NULL,NULL,"2023-06-06 14:30:03"
827,5,"Andrei Yu. Anisimov",NULL,NULL,"2023-06-06 14:30:03"
828,1,"Sergei Basharin",NULL,NULL,"2023-06-06 14:30:03"
829,4,"Michel Blanc",NULL,NULL,"2023-06-06 14:30:03"
830,10,Gabor,NULL,NULL,"2023-06-06 14:30:03"
831,1,"Well Aguiar",NULL,NULL,"2023-06-06 14:30:03"
832,9,"Richard Baker",NULL,NULL,"2023-06-06 14:30:03"
833,6,"Will Hartsock",NULL,NULL,"2023-06-06 14:30:03"
834,3,"Laura Petoin",NULL,NULL,"2023-06-06 14:30:03"
835,9,"Paul Riechman",NULL,NULL,"2023-06-06 14:30:03"
836,2,"Marinela Vlahaki",NULL,NULL,"2023-06-06 14:30:03"
837,11,"Sebastian Gutte",NULL,NULL,"2023-06-06 14:30:03"
838,13,"Storm Jefferson",NULL,NULL,"2023-06-06 14:30:03"
839,1,"Reese Halter",NULL,NULL,"2023-06-06 14:30:03"
840,20,"James Bunton",NULL,NULL,"2023-06-06 14:30:03"
841,20,"Claudia Leitte",1980,NULL,"2023-06-06 14:30:03"
842,28,"Elizabeth Kline Bibal",NULL,NULL,"2023-06-06 14:30:03"
843,3,"Jody Karlovic",NULL,NULL,"2023-06-06 14:30:03"
844,17,"Lucia M. Lamar",NULL,NULL,"2023-06-06 14:30:03"
845,1,"Jacob Womack",NULL,NULL,"2023-06-06 14:30:03"
846,1,"Charles Pitman",NULL,NULL,"2023-06-06 14:30:03"
847,1,"Jerimy Smith",NULL,NULL,"2023-06-06 14:30:03"
848,3,"Roan Bibby",NULL,NULL,"2023-06-06 14:30:03"
849,10,"Manuel Atkinson",NULL,NULL,"2023-06-06 14:30:03"
850,1,"Ian Duck",NULL,NULL,"2023-06-06 14:30:03"
851,2,Angel,NULL,NULL,"2023-06-06 14:30:03"
852,1,"Keith Davis",NULL,NULL,"2023-06-06 14:30:03"
853,22,"Anthony Luddich",NULL,NULL,"2023-06-06 14:30:03"
854,3,"Joe Teobout",NULL,NULL,"2023-06-06 14:30:03"
855,3,"Chip Kidd",NULL,NULL,"2023-06-06 14:30:03"
856,3,"Raya Eid",NULL,NULL,"2023-06-06 14:30:03"
857,6,"Michael Price",NULL,NULL,"2023-06-06 14:30:03"
858,16,"Mauricia Terry-Thompson",NULL,NULL,"2023-06-06 14:30:03"
859,6,"Sam Somwaru",NULL,NULL,"2023-06-06 14:30:03"
860,3,"Leah Byrd",NULL,NULL,"2023-06-06 14:30:03"
861,3,"Romel Hyacinthe",NULL,NULL,"2023-06-06 14:30:03"
862,13,"George Graham",NULL,NULL,"2023-06-06 14:30:03"
863,3,"Louis Valentine",NULL,NULL,"2023-06-06 14:30:03"
864,3,"Amy Burt",NULL,NULL,"2023-06-06 14:30:03"
865,3,"Steve Braybrook",NULL,NULL,"2023-06-06 14:30:03"
866,3,"Alfredo M. Olmedo",NULL,NULL,"2023-06-06 14:30:03"
867,9,"Suanne Maury",NULL,NULL,"2023-06-06 14:30:03"
868,22,"Richard Lukasiewk",NULL,NULL,"2023-06-06 14:30:03"
869,13,"Kevin Fleming",NULL,NULL,"2023-06-06 14:30:03"
870,6,"David Sauers",NULL,NULL,"2023-06-06 14:30:03"
871,37,"Gary M. Barkin",NULL,NULL,"2023-06-06 14:30:03"
872,3,"Joseph Davicsin",NULL,NULL,"2023-06-06 14:30:03"
873,3,"Alexandra Blanco",NULL,NULL,"2023-06-06 14:30:03"
874,6,"Catriona Crosby",NULL,NULL,"2023-06-06 14:30:03"
875,3,"Doranne Bakiewicz",NULL,NULL,"2023-06-06 14:30:03"
876,3,"James Williams",NULL,NULL,"2023-06-06 14:30:03"
877,3,"Lorenzo Taylor",NULL,NULL,"2023-06-06 14:30:03"
878,20,Racer,NULL,NULL,"2023-06-06 14:30:03"
879,20,"Simon Illa",NULL,NULL,"2023-06-06 14:30:03"
880,20,Hustlemania,NULL,NULL,"2023-06-06 14:30:03"
881,20,"John Parker",NULL,NULL,"2023-06-06 14:30:03"
882,20,"Fearon Lindsay",NULL,NULL,"2023-06-06 14:30:03"
883,20,"Tame One",1970,2022,"2023-06-06 14:30:03"
884,20,"Toni Monroe",NULL,NULL,"2023-06-06 14:30:03"
885,20,Divadon,NULL,NULL,"2023-06-06 14:30:03"
886,20,"Harry Nagle",NULL,NULL,"2023-06-06 14:30:03"
887,20,"Joeseph Young",NULL,NULL,"2023-06-06 14:30:03"
888,20,"Tim Stewart",NULL,NULL,"2023-06-06 14:30:03"
889,20,"Shauna Lee",NULL,NULL,"2023-06-06 14:30:03"
890,20,"Maximum Pressure",NULL,NULL,"2023-06-06 14:30:03"
891,20,"Lex Luther",NULL,NULL,"2023-06-06 14:30:03"
892,20,"Jelly Joe",NULL,NULL,"2023-06-06 14:30:03"
893,20,"Lone The Largest",NULL,NULL,"2023-06-06 14:30:03"
894,20,"Shawn Bethea",NULL,NULL,"2023-06-06 14:30:03"
895,20,"4th Avenue Jones",NULL,NULL,"2023-06-06 14:30:03"
896,20,"Jayson Ghramm",NULL,NULL,"2023-06-06 14:30:03"
897,20,"Brian Desind",NULL,NULL,"2023-06-06 14:30:03"
898,20,T.G.P.,NULL,NULL,"2023-06-06 14:30:03"
899,20,"Kirk Inniss",NULL,NULL,"2023-06-06 14:30:03"
900,20,"Hit City",NULL,NULL,"2023-06-06 14:30:03"
901,20,"Leroy Massey",NULL,NULL,"2023-06-06 14:30:03"
902,20,"Freedom Alive",NULL,NULL,"2023-06-06 14:30:03"
903,20,"Ahmad Lewis",NULL,NULL,"2023-06-06 14:30:03"
904,20,"Nay Kipner",NULL,NULL,"2023-06-06 14:30:03"
905,20,"Mo Beats",NULL,NULL,"2023-06-06 14:30:03"
906,9,"Jason Anderson",NULL,NULL,"2023-06-06 14:30:03"
907,13,"Sabine Steyer-Violet",NULL,NULL,"2023-06-06 14:30:03"
908,4,"Domenico Latino",NULL,NULL,"2023-06-06 14:30:03"
909,7,"Michael Scherer",NULL,NULL,"2023-06-06 14:30:03"
910,8,"Michael Torvinen",NULL,NULL,"2023-06-06 14:30:03"
911,7,"Ron Gilmore",NULL,NULL,"2023-06-06 14:30:03"
912,1,"Lee Stoneman",NULL,NULL,"2023-06-06 14:30:03"
913,1,"Nando Rodrigues",NULL,NULL,"2023-06-06 14:30:03"
914,2,"Debra Weiss",NULL,NULL,"2023-06-06 14:30:03"
915,10,"Edwin Mingard",NULL,NULL,"2023-06-06 14:30:03"
916,3,"Randy Hailey",NULL,NULL,"2023-06-06 14:30:03"
917,4,"Damien Smith",NULL,NULL,"2023-06-06 14:30:03"
918,1,"David Juarez",NULL,NULL,"2023-06-06 14:30:03"
919,10,"Hristos Kapriniotis",NULL,NULL,"2023-06-06 14:30:03"
920,1,"Aleksandr Volkov",1965,NULL,"2023-06-06 14:30:03"
921,1,"Rodrigo Simas",NULL,NULL,"2023-06-06 14:30:03"
922,12,"Tony DeSare",1975,NULL,"2023-06-06 14:30:03"
923,2,"Valeria Bandino",NULL,NULL,"2023-06-06 14:30:03"
924,6,"Dylan MacLean",NULL,NULL,"2023-06-06 14:30:03"
925,1,"Kelly Rands",NULL,NULL,"2023-06-06 14:30:03"
926,7,"Samuel Perriard",1983,NULL,"2023-06-06 14:30:03"
927,12,"Stephen 'Spud' Murphy",NULL,NULL,"2023-06-06 14:30:03"
928,3,"Alexandra Jensen",NULL,NULL,"2023-06-06 14:30:03"
929,2,"Vera Maria Monteiro",NULL,2021,"2023-06-06 14:30:03"
930,6,"George Lunn",NULL,NULL,"2023-06-06 14:30:03"
931,2,"Cissy Fenwick",NULL,NULL,"2023-06-06 14:30:03"
932,2,"Bruna Griphao",NULL,NULL,"2023-06-06 14:30:03"
933,1,"Cooper Bombadil",NULL,NULL,"2023-06-06 14:30:03"
934,7,"Jody Vandenburg",NULL,NULL,"2023-06-06 14:30:03"
935,1,"Felicity Cornell",NULL,NULL,"2023-06-06 14:30:03"
936,1,"Simon Paice",NULL,NULL,"2023-06-06 14:30:03"
937,1,"Simon Collins",NULL,NULL,"2023-06-06 14:30:03"
938,13,"Éric Aswad",NULL,NULL,"2023-06-06 14:30:03"
939,12,"Hunter Gadbois",NULL,NULL,"2023-06-06 14:30:03"
940,5,"Najeem Koya",NULL,NULL,"2023-06-06 14:30:03"
941,5,"Victoria Hislop",NULL,NULL,"2023-06-06 14:30:03"
942,1,"Marc Cubelli",NULL,NULL,"2023-06-06 14:30:03"
943,9,"Renato Ciunfrini",NULL,NULL,"2023-06-06 14:30:03"
944,9,"Francesco Zambon",NULL,NULL,"2023-06-06 14:30:03"
945,5,"Tim Hanan",NULL,NULL,"2023-06-06 14:30:03"
946,19,"Vincent Peñas",NULL,NULL,"2023-06-06 14:30:03"
947,2,"Silvia Cavalca",NULL,NULL,"2023-06-06 14:30:03"
948,6,"Adam Foster",NULL,NULL,"2023-06-06 14:30:03"
949,1,"Bradley Poleski",NULL,NULL,"2023-06-06 14:30:03"
950,2,"Sabrina Crocco",NULL,NULL,"2023-06-06 14:30:03"
951,2,"Brigitte Circo",NULL,NULL,"2023-06-06 14:30:03"
952,6,"Sandon Alan Voelker",NULL,NULL,"2023-06-06 14:30:03"
953,1,"Daniele Mandaglio",NULL,NULL,"2023-06-06 14:30:03"
954,2,"Daniela Trimboli",NULL,NULL,"2023-06-06 14:30:03"
955,14,"Pamela Iamundo",NULL,NULL,"2023-06-06 14:30:03"
956,17,"Tony Strnad",1957,NULL,"2023-06-06 14:30:03"
957,19,"Tony Manolikakis",NULL,NULL,"2023-06-06 14:30:03"
958,10,"Jay Passarella",NULL,NULL,"2023-06-06 14:30:03"
959,11,"Lizzy Graham",NULL,NULL,"2023-06-06 14:30:03"
960,4,"Justin Moreno",NULL,NULL,"2023-06-06 14:30:03"
961,1,"Todd Lauther",NULL,NULL,"2023-06-06 14:30:03"
962,10,"Damian Diaz",NULL,NULL,"2023-06-06 14:30:03"
963,2,"Sarah Ittner",NULL,NULL,"2023-06-06 14:30:03"
964,20,Ohbijou,NULL,NULL,"2023-06-06 14:30:03"
965,2,"Martina Bilan",NULL,NULL,"2023-06-06 14:30:03"
966,5,"Ryszard Kosinski",NULL,NULL,"2023-06-06 14:30:03"
967,12,"Tyler Belluz",NULL,NULL,"2023-06-06 14:30:03"
968,7,"Lazarus Dance",NULL,NULL,"2023-06-06 14:30:03"
969,2,"Efi Drakou",NULL,NULL,"2023-06-06 14:30:03"
970,12,"Adam Warnock",NULL,NULL,"2023-06-06 14:30:03"
971,4,"Dave Goossen",NULL,NULL,"2023-06-06 14:30:03"
972,4,"Kristin West",NULL,NULL,"2023-06-06 14:30:03"
973,7,"Zuzana Dubová",1983,NULL,"2023-06-06 14:30:03"
974,10,"Nick Hancock",NULL,NULL,"2023-06-06 14:30:03"
975,11,"Florian Eisner",NULL,NULL,"2023-06-06 14:30:03"
976,3,"Frank McConnell",NULL,NULL,"2023-06-06 14:30:03"
977,5,"Donald Tobey",NULL,NULL,"2023-06-06 14:30:03"
978,2,"Leslie Den Dooven",NULL,NULL,"2023-06-06 14:30:03"
979,1,"Haal Borske",NULL,NULL,"2023-06-06 14:30:03"
980,1,"Duncan Pattle",NULL,NULL,"2023-06-06 14:30:03"
981,4,"Joel Buncle",NULL,NULL,"2023-06-06 14:30:03"
982,2,"Barbara Bornmann",NULL,NULL,"2023-06-06 14:30:03"
983,1,"Edwin Brady",NULL,NULL,"2023-06-06 14:30:03"
984,7,"Jon Mackey",NULL,NULL,"2023-06-06 14:30:03"
985,1,"Kevin Kreider",1983,NULL,"2023-06-06 14:30:03"
986,1,"Michael Toone",NULL,NULL,"2023-06-06 14:30:03"
987,1,"Alan Martino",NULL,NULL,"2023-06-06 14:30:03"
988,1,"James V. Lorio",NULL,NULL,"2023-06-06 14:30:03"
989,4,"Karl Slater",NULL,NULL,"2023-06-06 14:30:03"
990,1,"Maxwell Kirby",NULL,NULL,"2023-06-06 14:30:03"
991,1,"Benny Irving",NULL,NULL,"2023-06-06 14:30:03"
992,1,"Matt Reighn",NULL,NULL,"2023-06-06 14:30:03"
993,1,"John Paul Brandt",NULL,NULL,"2023-06-06 14:30:03"
994,2,"Amy Hessler",NULL,NULL,"2023-06-06 14:30:03"
995,1,"Jay A. Taylor",NULL,NULL,"2023-06-06 14:30:03"
996,7,Gadam,NULL,NULL,"2023-06-06 14:30:03"
997,1,"Bruno Gissoni",NULL,NULL,"2023-06-06 14:30:03"
998,1,"Joey Manuselis",NULL,NULL,"2023-06-06 14:30:03"
999,1,"Manos Tsagarakis",NULL,NULL,"2023-06-06 14:30:03"
1000,1,"Cory Lockwood",NULL,NULL,"2023-06-06 14:30:03"
1001,4,"Tim Partridge",NULL,NULL,"2023-06-06 14:30:03"
1002,2,"Emily Marie Callaway",NULL,NULL,"2023-06-06 14:30:03"
1003,11,"Maram Ashour",NULL,NULL,"2023-06-06 14:30:03"
1004,2,"Sarah Alagroobi",1989,NULL,"2023-06-06 14:30:03"
1005,2,"Hannah McIalwain",NULL,NULL,"2023-06-06 14:30:03"
1006,12,"Frank Rapp",NULL,NULL,"2023-06-06 14:30:03"
1007,3,"Patty Gutierrez",NULL,NULL,"2023-06-06 14:30:03"
1008,10,"Bobby McDonald",1985,NULL,"2023-06-06 14:30:03"
1009,1,"Lucas Adams",1993,NULL,"2023-06-06 14:30:03"
1010,2,"Tiphanie Rae Lewis",NULL,NULL,"2023-06-06 14:30:03"
1011,2,"Juliette B. Reiss",NULL,NULL,"2023-06-06 14:30:03"
1012,3,"Joseph Conrad Rubio",NULL,NULL,"2023-06-06 14:30:03"
1013,1,"Terence Aselford",NULL,NULL,"2023-06-06 14:30:03"
1014,2,"Luisa Gallia",NULL,NULL,"2023-06-06 14:30:03"
1015,2,"Dana Podgurski",NULL,NULL,"2023-06-06 14:30:03"
1016,4,"Andrea Stagnitto",NULL,NULL,"2023-06-06 14:30:03"
1017,4,"Arun M.C.",NULL,NULL,"2023-06-06 14:30:03"
1018,6,"Lindsey Arturo",NULL,NULL,"2023-06-06 14:30:03"
1019,5,"Gabrielle Birchak",NULL,NULL,"2023-06-06 14:30:03"
1020,1,"Jesús González Manzanares",NULL,NULL,"2023-06-06 14:30:03"
1021,1,"Luke Custer",NULL,NULL,"2023-06-06 14:30:03"
1022,4,"Kurtis Sensenig",NULL,NULL,"2023-06-06 14:30:03"
1023,7,"Stefan Baumgartner",NULL,NULL,"2023-06-06 14:30:03"
1024,10,"Simon Fraissler",NULL,NULL,"2023-06-06 14:30:03"
1025,1,"Mohammed Ismail",NULL,NULL,"2023-06-06 14:30:03"
1026,5,"Victor Atherino",NULL,NULL,"2023-06-06 14:30:03"
1027,24,"Duffy McManus",NULL,NULL,"2023-06-06 14:30:03"
1028,5,"Ilaria Ciavattini",NULL,NULL,"2023-06-06 14:30:03"
1029,11,"Rowan McKay",NULL,NULL,"2023-06-06 14:30:03"
1030,2,"Megan Drust",NULL,NULL,"2023-06-06 14:30:03"
1031,5,"Giovana Moraes",NULL,NULL,"2023-06-06 14:30:03"
1032,5,"Oden L. Amurao",NULL,NULL,"2023-06-06 14:30:03"
1033,2,"Sarah Jordan",NULL,NULL,"2023-06-06 14:30:03"
1034,2,"Tanika Lonesborough",NULL,NULL,"2023-06-06 14:30:03"
1035,1,"Maxime Jolicoeur",NULL,NULL,"2023-06-06 14:30:03"
1036,9,"Keith Gardener",NULL,NULL,"2023-06-06 14:30:03"
1037,1,"Rudy Cherney",NULL,NULL,"2023-06-06 14:30:03"
1038,4,"Eileen Sopanen",NULL,NULL,"2023-06-06 14:30:03"
1039,6,"Dennis Murphy",NULL,NULL,"2023-06-06 14:30:03"
1040,8,"Jack Cornwall",NULL,NULL,"2023-06-06 14:30:03"
1041,14,"Nicholas Prince",NULL,NULL,"2023-06-06 14:30:03"
1042,9,"Michael Scott",NULL,NULL,"2023-06-06 14:30:03"
1043,10,"Jeff Lion Weinstock",NULL,NULL,"2023-06-06 14:30:03"
1044,9,"Joe Ryan",NULL,NULL,"2023-06-06 14:30:03"
1045,21,"Cynthia Malmuth",NULL,NULL,"2023-06-06 14:30:03"
1046,29,"James Walker",NULL,NULL,"2023-06-06 14:30:03"
1047,3,"Althea Johnson",NULL,NULL,"2023-06-06 14:30:03"
1048,12,"Arthur Bourgeois",NULL,NULL,"2023-06-06 14:30:03"
1049,3,"JS Marsolais",NULL,NULL,"2023-06-06 14:30:03"
1050,1,"Alan MacPherson",NULL,NULL,"2023-06-06 14:30:03"
1051,7,"Igal Lerner",NULL,NULL,"2023-06-06 14:30:03"
1052,1,"Lance Barnett",NULL,NULL,"2023-06-06 14:30:03"
1053,7,"Pietro Ciavattini",NULL,NULL,"2023-06-06 14:30:03"
1054,1,"Amedeo Carlo Capitanelli",NULL,NULL,"2023-06-06 14:30:03"
1055,1,Umapathy,NULL,NULL,"2023-06-06 14:30:03"
1056,4,"Jenny Inchbald",NULL,NULL,"2023-06-06 14:30:03"
1057,7,"Anirban Mallick",NULL,NULL,"2023-06-06 14:30:03"
1058,4,"Nandini Kundu",NULL,NULL,"2023-06-06 14:30:03"
1059,28,"Erin Seelert",NULL,NULL,"2023-06-06 14:30:03"
1060,1,"Matthew Carhill",NULL,NULL,"2023-06-06 14:30:03"
1061,11,"Amirah Juco",NULL,NULL,"2023-06-06 14:30:03"
1062,1,"Heider Tunarrosa Malagon",NULL,NULL,"2023-06-06 14:30:03"
1063,17,"Emelie Stenberg",NULL,NULL,"2023-06-06 14:30:03"
1064,2,"Anissa Smith",NULL,NULL,"2023-06-06 14:30:03"
1065,1,"Batuhan Eryigit",NULL,NULL,"2023-06-06 14:30:03"
1066,1,"Janan Delly",NULL,NULL,"2023-06-06 14:30:03"
1067,20,"Nick Africano",NULL,NULL,"2023-06-06 14:30:03"
1068,9,"Steve Rickinson",NULL,NULL,"2023-06-06 14:30:03"
1069,1,"Renata Zylinska",NULL,NULL,"2023-06-06 14:30:03"
1070,1,"Emily Hawkes",NULL,NULL,"2023-06-06 14:30:03"
1071,7,"Andrew J. Lewis",NULL,NULL,"2023-06-06 14:30:03"
1072,1,"Mirka Boczon",NULL,NULL,"2023-06-06 14:30:03"
1073,1,"William Boczon",NULL,NULL,"2023-06-06 14:30:03"
1074,1,"Matthew Lynch",NULL,NULL,"2023-06-06 14:30:03"
1075,7,"Hella Zylinska",NULL,NULL,"2023-06-06 14:30:03"
1076,2,"Amanda Emms",NULL,NULL,"2023-06-06 14:30:03"
1077,6,"Luis Paul",NULL,NULL,"2023-06-06 14:30:03"
1078,1,"Peter Selis",NULL,NULL,"2023-06-06 14:30:03"
1079,1,"Maurício Destri",NULL,NULL,"2023-06-06 14:30:03"
1080,9,"Shipley Landiss",NULL,NULL,"2023-06-06 14:30:03"
1081,1,"David Ziemba",NULL,NULL,"2023-06-06 14:30:03"
1082,2,"Carly Risenhoover",NULL,NULL,"2023-06-06 14:30:03"
1083,5,"Ashtyn Law",NULL,NULL,"2023-06-06 14:30:03"
1084,2,"Jessica Bell",NULL,NULL,"2023-06-06 14:30:03"
1085,9,"Israel Koite",NULL,NULL,"2023-06-06 14:30:03"
1086,1,"Jeremy Herrera",NULL,NULL,"2023-06-06 14:30:03"
1087,3,"Petezi Sack",NULL,NULL,"2023-06-06 14:30:03"
1088,16,"Naava Honer",NULL,NULL,"2023-06-06 14:30:03"
1089,7,"Richard Finn Gregory",NULL,NULL,"2023-06-06 14:30:03"
1090,6,"Tyler Craver",NULL,NULL,"2023-06-06 14:30:03"
1091,8,"John DeKemper",NULL,NULL,"2023-06-06 14:30:03"
1092,12,"Justin Nelms",NULL,NULL,"2023-06-06 14:30:03"
1093,18,"Camilo Herrera",NULL,NULL,"2023-06-06 14:30:03"
1094,6,"Ian Quarles",NULL,NULL,"2023-06-06 14:30:03"
1095,6,"Steve Greenbaum",NULL,NULL,"2023-06-06 14:30:03"
1096,20,"Fred Hartley",NULL,NULL,"2023-06-06 14:30:03"
1097,9,"Robert Law",NULL,NULL,"2023-06-06 14:30:03"
1098,7,"Elaine Cesar",NULL,NULL,"2023-06-06 14:30:03"
1099,5,"Riccardo Morbelli",1907,1966,"2023-06-06 14:30:03"
1100,7,"Feliks Sobolev",NULL,NULL,"2023-06-06 14:30:03"
1101,2,"Dori Irving",NULL,NULL,"2023-06-06 14:30:03"
1102,2,"Meghan Witzke",NULL,NULL,"2023-06-06 14:30:03"
1103,2,"Madi Reno",NULL,NULL,"2023-06-06 14:30:03"
1104,4,"Caleb Custer",NULL,NULL,"2023-06-06 14:30:03"
1105,14,"Konstantina Giannothanasi",NULL,NULL,"2023-06-06 14:30:03"
1106,1,"Kate Pistone",NULL,NULL,"2023-06-06 14:30:03"
1107,6,"Timo Seidel",NULL,NULL,"2023-06-06 14:30:03"
1108,13,"Stefan Abelsson",NULL,NULL,"2023-06-06 14:30:03"
1109,8,"Dan W. Jacobs",NULL,NULL,"2023-06-06 14:30:03"
1110,12,"Cristiano De Fabritiis",NULL,NULL,"2023-06-06 14:30:03"
1111,1,"Dieter Bülter-Marell",NULL,NULL,"2023-06-06 14:30:03"
1112,21,"Kimberly Brown",NULL,NULL,"2023-06-06 14:30:03"
1113,16,"Robert Crawford",NULL,NULL,"2023-06-06 14:30:03"
1114,11,"Michael Lococo",NULL,NULL,"2023-06-06 14:30:03"
1115,1,"Damon Gomez",NULL,NULL,"2023-06-06 14:30:03"
1116,4,"Steven L. Busby",NULL,NULL,"2023-06-06 14:30:03"
1117,1,"Geoffrey Scott Dudley",NULL,NULL,"2023-06-06 14:30:03"
1118,7,"Anna Hogg",NULL,NULL,"2023-06-06 14:30:03"
1119,1,"Buick Century",NULL,NULL,"2023-06-06 14:30:03"
1120,9,"Rachel Lane",NULL,NULL,"2023-06-06 14:30:03"
1121,10,"Rachel Goldberg",NULL,NULL,"2023-06-06 14:30:03"
1122,5,"Giovanni Esposito",NULL,NULL,"2023-06-06 14:30:03"
1123,4,"Kyo Kasumi",NULL,NULL,"2023-06-06 14:30:03"
1124,2,"Alice Marra",NULL,NULL,"2023-06-06 14:30:03"
1125,3,"Kevin Murray",NULL,NULL,"2023-06-06 14:30:03"
1126,3,"Michael Craig",NULL,NULL,"2023-06-06 14:30:03"
1127,3,"Allan McGlone",NULL,NULL,"2023-06-06 14:30:03"
1128,2,"Krystallia Kefaloudi",NULL,NULL,"2023-06-06 14:30:03"
1129,1,"Bryan Matthew Ward",NULL,NULL,"2023-06-06 14:30:03"
1130,2,"Fotini Papachristopoulou",NULL,NULL,"2023-06-06 14:30:03"
1131,1,"Jakob Englmaier",NULL,NULL,"2023-06-06 14:30:03"
1132,1,"William Brighton",NULL,NULL,"2023-06-06 14:30:03"
1133,1,"Trifonas Nikolaidis",NULL,NULL,"2023-06-06 14:30:03"
1134,2,"Christina Caradona",NULL,NULL,"2023-06-06 14:30:03"
1135,1,"Kirk Brown",NULL,NULL,"2023-06-06 14:30:03"
1136,2,"Sophia Fish",NULL,NULL,"2023-06-06 14:30:03"
1137,1,"Sean H. Scully",NULL,NULL,"2023-06-06 14:30:03"
1138,1,"Samuel Fréchette",NULL,NULL,"2023-06-06 14:30:03"
1139,2,"Maurial Spearim",NULL,NULL,"2023-06-06 14:30:03"
1140,1,"Brendan Stevenson",NULL,NULL,"2023-06-06 14:30:03"
1141,1,Foreplay,NULL,NULL,"2023-06-06 14:30:03"
1142,1,"Alexia Agapaki",NULL,NULL,"2023-06-06 14:30:03"
1143,1,"Sean Stevenson",NULL,NULL,"2023-06-06 14:30:03"
1144,11,"Brennan King",NULL,NULL,"2023-06-06 14:30:03"
1145,17,"Valentina Ribezzi",NULL,NULL,"2023-06-06 14:30:03"
1146,4,"Tianna Conte",NULL,NULL,"2023-06-06 14:30:03"
1147,2,"Allison Bench",NULL,NULL,"2023-06-06 14:30:03"
1148,1,"Fabien Frechette",NULL,NULL,"2023-06-06 14:30:03"
1149,2,"Allyson Shpirko",NULL,NULL,"2023-06-06 14:30:03"
1150,2,"Sara Wilson",NULL,NULL,"2023-06-06 14:30:03"
1151,14,"Alyssa LeAnn Byrd",NULL,NULL,"2023-06-06 14:30:03"
1152,19,"Mario Castro",NULL,NULL,"2023-06-06 14:30:03"
1153,10,"Michael LeCroy",NULL,NULL,"2023-06-06 14:30:03"
1154,4,"Greg Pabich",NULL,NULL,"2023-06-06 14:30:03"
1155,1,"Owen Kresse",NULL,NULL,"2023-06-06 14:30:03"
1156,1,"Channing Sebetich",NULL,NULL,"2023-06-06 14:30:03"
1157,28,"Rodika Alkalai",NULL,NULL,"2023-06-06 14:30:03"
1158,6,"Jesse Mullen",NULL,NULL,"2023-06-06 14:30:03"
1159,8,"Sam Shaw",NULL,NULL,"2023-06-06 14:30:03"
1160,8,"Hannah Churilla",NULL,NULL,"2023-06-06 14:30:03"
1161,8,"Julie Delph",NULL,NULL,"2023-06-06 14:30:03"
1162,3,"Sylvia Law",NULL,NULL,"2023-06-06 14:30:03"
1163,6,"Jeff Brewer",NULL,NULL,"2023-06-06 14:30:03"
1164,6,"Natalie Milidoni",NULL,NULL,"2023-06-06 14:30:03"
1165,16,"Molly Kern",NULL,NULL,"2023-06-06 14:30:03"
1166,10,"Jörg Fenske",NULL,NULL,"2023-06-06 14:30:03"
1167,2,"Izabelle Ziemba",NULL,NULL,"2023-06-06 14:30:03"
1168,1,"Gabriel Ziemba",NULL,NULL,"2023-06-06 14:30:03"
1169,9,"Donal Sweeney",NULL,NULL,"2023-06-06 14:30:03"
1170,2,"Miranda Holley",NULL,NULL,"2023-06-06 14:30:03"
1171,12,"Jacob Richter",NULL,NULL,"2023-06-06 14:30:03"
1172,1,"Trifonopoulos Fotis",NULL,NULL,"2023-06-06 14:30:03"
1173,20,"Tiny Grimes",1916,1989,"2023-06-06 14:30:03"
1174,2,"Anoixia Boutziouka",NULL,NULL,"2023-06-06 14:30:03"
1175,6,"Lucas Lennig",NULL,NULL,"2023-06-06 14:30:03"
1176,8,"Sophie Ansell",NULL,NULL,"2023-06-06 14:30:03"
1177,7,"Andy Milligan",NULL,NULL,"2023-06-06 14:30:03"
1178,4,"David L. McBurnett",NULL,NULL,"2023-06-06 14:30:03"
1179,20,"Clayton Ivey",NULL,NULL,"2023-06-06 14:30:03"
1180,6,"Jack D'Souza-Toulson",NULL,NULL,"2023-06-06 14:30:03"
1181,2,"Phoenix Donavan",NULL,NULL,"2023-06-06 14:30:03"
1182,2,"Maddie Austin",NULL,NULL,"2023-06-06 14:30:03"
1183,1,"Cory Hall",NULL,NULL,"2023-06-06 14:30:03"
1184,1,"James Hudson",NULL,NULL,"2023-06-06 14:30:03"
1185,2,"Marie-Pier Marchand",NULL,NULL,"2023-06-06 14:30:03"
1186,2,"Geneviève Parent",NULL,NULL,"2023-06-06 14:30:03"
1187,1,"Eric Villeneuve",NULL,NULL,"2023-06-06 14:30:03"
1188,15,"Francis Florencio",NULL,NULL,"2023-06-06 14:30:03"
1189,1,"Lincoln Hambrick",NULL,NULL,"2023-06-06 14:30:03"
1190,1,"Andreas Forner Lindal",NULL,NULL,"2023-06-06 14:30:03"
1191,1,"Tommy Friedman",NULL,NULL,"2023-06-06 14:30:03"
1192,1,"Eden Hensch",NULL,NULL,"2023-06-06 14:30:03"
1193,6,"Marisa Bertorello",NULL,NULL,"2023-06-06 14:30:03"
1194,14,"Tracey Hannaford",NULL,NULL,"2023-06-06 14:30:03"
1195,12,"Robby Ledoux",NULL,NULL,"2023-06-06 14:30:03"
1196,6,"Isaac Rosenthal",NULL,NULL,"2023-06-06 14:30:03"
1197,27,"Brian Crumley",NULL,NULL,"2023-06-06 14:30:03"
1198,5,"Alessio Calabresi",NULL,NULL,"2023-06-06 14:30:03"
1199,3,"Sarah Churchwright",NULL,NULL,"2023-06-06 14:30:03"
1200,1,"Donald R Rice",NULL,NULL,"2023-06-06 14:30:03"
1201,1,"Jeff Bukowski",NULL,NULL,"2023-06-06 14:30:03"
1202,7,"Matthias Reitze",NULL,NULL,"2023-06-06 14:30:03"
1203,1,"Callum Fairweather",1986,NULL,"2023-06-06 14:30:03"
1204,7,"Olivia Basset",NULL,NULL,"2023-06-06 14:30:03"
1205,7,"Michaela Lowe",NULL,NULL,"2023-06-06 14:30:03"
1206,4,"Natalie Eskinazi",NULL,NULL,"2023-06-06 14:30:03"
1207,2,"Yuka Saotome",NULL,NULL,"2023-06-06 14:30:03"
1208,12,"Fernando Martino",NULL,NULL,"2023-06-06 14:30:03"
1209,2,"Inga Stueck",NULL,NULL,"2023-06-06 14:30:03"
1210,7,"Louie Villanueva",NULL,NULL,"2023-06-06 14:30:03"
1211,6,"Bruce Jackson",NULL,NULL,"2023-06-06 14:30:03"
1212,2,"Jacqueline Sato",NULL,NULL,"2023-06-06 14:30:03"
1213,1,"JP Rufino",NULL,NULL,"2023-06-06 14:30:03"
1214,9,"Vladimir Borissov",NULL,NULL,"2023-06-06 14:30:03"
1215,1,"Rockmeyer Estes",NULL,NULL,"2023-06-06 14:30:03"
1216,1,RajasekarDop,1990,NULL,"2023-06-06 14:30:03"
1217,4,"Kristofer Ríos",NULL,NULL,"2023-06-06 14:30:03"
1218,4,"Kelly Scott",NULL,NULL,"2023-06-06 14:30:03"
1219,10,Sibi,NULL,NULL,"2023-06-06 14:30:03"
1220,5,"Justin Hewitt-Drakulic",NULL,NULL,"2023-06-06 14:30:03"
1221,12,"Félix Bourgeois",NULL,NULL,"2023-06-06 14:30:03"
1222,2,"Samantha Theobald-Roe",NULL,NULL,"2023-06-06 14:30:03"
1223,4,"Fabian Poehlmann",NULL,NULL,"2023-06-06 14:30:03"
1224,1,"John D. Culver",NULL,NULL,"2023-06-06 14:30:03"
1225,1,"Sanjay Nichani",NULL,NULL,"2023-06-06 14:30:03"
1226,2,"Araceli Caballero",NULL,NULL,"2023-06-06 14:30:03"
1227,2,Luiza,NULL,NULL,"2023-06-06 14:30:03"
1228,19,"Sascha Erpenbach",NULL,NULL,"2023-06-06 14:30:03"
1229,2,"Mika Posen",NULL,NULL,"2023-06-06 14:30:03"
1230,19,"Shashi Shukla",NULL,NULL,"2023-06-06 14:30:03"
1231,3,"Gerry Margolis",NULL,NULL,"2023-06-06 14:30:03"
1232,12,"Dhanraj Manickam",NULL,NULL,"2023-06-06 14:30:03"
1233,13,"Antoine Beux",NULL,NULL,"2023-06-06 14:30:03"
1234,7,"Vinoth Chan",NULL,NULL,"2023-06-06 14:30:03"
1235,11,Manoj,NULL,NULL,"2023-06-06 14:30:03"
1236,16,"Sian Katie Leigh",NULL,NULL,"2023-06-06 14:30:03"
1237,1,"Jesse Morton",NULL,NULL,"2023-06-06 14:30:03"
1238,10,"Sam Jeremy Nieves",NULL,NULL,"2023-06-06 14:30:03"
1239,2,"Betty Gardham",NULL,NULL,"2023-06-06 14:30:03"
1240,5,"Nani Shaked",NULL,NULL,"2023-06-06 14:30:03"
1241,2,"Gayathri Reddy",NULL,NULL,"2023-06-06 14:30:03"
1242,7,"Lois Cook",NULL,NULL,"2023-06-06 14:30:03"
1243,10,"Stephen Axford",NULL,NULL,"2023-06-06 14:30:03"
1244,1,"Raja Ashok",NULL,NULL,"2023-06-06 14:30:03"
1245,1,Mo'han,NULL,NULL,"2023-06-06 14:30:03"
1246,4,"Jaena Rae Cabrera",NULL,NULL,"2023-06-06 14:30:03"
1247,5,"Connor McSpadden",NULL,NULL,"2023-06-06 14:30:03"
1248,20,"Douglas Appleman",NULL,NULL,"2023-06-06 14:30:03"
1249,14,"Tom Pratt",NULL,NULL,"2023-06-06 14:30:03"
1250,6,"Keith Hoult",NULL,NULL,"2023-06-06 14:30:03"
1251,9,"Vince Blake",NULL,NULL,"2023-06-06 14:30:03"
1252,16,"Alice Harman",NULL,NULL,"2023-06-06 14:30:03"
1253,2,"Katarzyna Walczak",NULL,NULL,"2023-06-06 14:30:03"
1254,14,"Leony Paus",NULL,NULL,"2023-06-06 14:30:03"
1255,4,"Helga Voets",NULL,NULL,"2023-06-06 14:30:03"
1256,21,"Ellen Rey De Castro",NULL,NULL,"2023-06-06 14:30:03"
1257,2,"Isabella Santoni",NULL,NULL,"2023-06-06 14:30:03"
1258,2,"Ana Julia Dorigon",NULL,NULL,"2023-06-06 14:30:03"
1259,3,"Deborah Odita",NULL,NULL,"2023-06-06 14:30:03"
1260,2,"Christie Tate",NULL,NULL,"2023-06-06 14:30:03"
1261,2,"Gredivel Vasquez",NULL,NULL,"2023-06-06 14:30:03"
1262,2,"Alexandra K.",NULL,NULL,"2023-06-06 14:30:03"
1263,2,"Wendy Wang",NULL,NULL,"2023-06-06 14:30:03"
1264,2,"Maisy Nixon",NULL,NULL,"2023-06-06 14:30:03"
1265,12,"Vegard K. Holum",NULL,NULL,"2023-06-06 14:30:03"
1266,2,"Eleni Boukli",NULL,NULL,"2023-06-06 14:30:03"
1267,14,"Victor Olender",NULL,NULL,"2023-06-06 14:30:03"
1268,7,"Bindiya Dutt",NULL,NULL,"2023-06-06 14:30:03"
1269,19,"Ryan Reyes",NULL,NULL,"2023-06-06 14:30:03"
1270,1,"Harry Wendland",NULL,NULL,"2023-06-06 14:30:03"
1271,16,"Kim King",NULL,NULL,"2023-06-06 14:30:03"
1272,1,"Lavonne Curtis",NULL,NULL,"2023-06-06 14:30:03"
1273,3,"Scott McCormick",NULL,NULL,"2023-06-06 14:30:03"
1274,1,"Rex Roby",NULL,NULL,"2023-06-06 14:30:03"
1275,5,"Jacques Revil",NULL,NULL,"2023-06-06 14:30:03"
1276,3,"Adrian Jay Dino",NULL,NULL,"2023-06-06 14:30:03"
1277,3,"Argel Langit",NULL,NULL,"2023-06-06 14:30:03"
1278,2,"Kelly Neilsen",NULL,NULL,"2023-06-06 14:30:03"
1279,2,"Casey Mecija",NULL,NULL,"2023-06-06 14:30:03"
1280,11,"Mizuki Toriya",NULL,NULL,"2023-06-06 14:30:03"
1281,4,"Thibaut Estellon",NULL,NULL,"2023-06-06 14:30:03"
1282,7,"Camille de Galbert",NULL,NULL,"2023-06-06 14:30:03"
1283,1,"Saverio Fabbri",NULL,NULL,"2023-06-06 14:30:03"
1284,4,"Fred Kewley",NULL,NULL,"2023-06-06 14:30:03"
1285,3,"Frances Anne Varallo",NULL,NULL,"2023-06-06 14:30:03"
1286,3,"Connie Mansfield",NULL,NULL,"2023-06-06 14:30:03"
1287,1,"Todd Pivetti",NULL,NULL,"2023-06-06 14:30:03"
1288,14,"Rosalind Othen",NULL,NULL,"2023-06-06 14:30:03"
1289,7,"Rebecca Pantling",NULL,NULL,"2023-06-06 14:30:03"
1290,7,"Andre Kaplan",NULL,NULL,"2023-06-06 14:30:03"
1291,2,"Shira Lebovich",NULL,NULL,"2023-06-06 14:30:03"
1292,1,"Léo P. Chansigaud",NULL,NULL,"2023-06-06 14:30:03"
1293,13,"Olivier Demers",NULL,NULL,"2023-06-06 14:30:03"
1294,13,"Arnold Ludvig",NULL,NULL,"2023-06-06 14:30:03"
1295,9,"Antonio Mari",NULL,NULL,"2023-06-06 14:30:03"
1296,7,"Broken Blonde",NULL,NULL,"2023-06-06 14:30:03"
1297,15,"Chris Hagan",NULL,NULL,"2023-06-06 14:30:03"
1298,2,"Emily Hege",NULL,NULL,"2023-06-06 14:30:03"
1299,1,"Mike Lear",NULL,NULL,"2023-06-06 14:30:03"
1300,1,"Matt Hartwell",NULL,NULL,"2023-06-06 14:30:03"
1301,1,"Christopher Wagnior",NULL,NULL,"2023-06-06 14:30:03"
1302,2,"Jenna Miller",NULL,NULL,"2023-06-06 14:30:03"
1303,2,"Jennifer Salman",NULL,NULL,"2023-06-06 14:30:03"
1304,2,"Jacquelyn Pierson",NULL,NULL,"2023-06-06 14:30:03"
1305,21,"Karen Wolf",NULL,NULL,"2023-06-06 14:30:03"
1306,21,"Faith Broach",NULL,NULL,"2023-06-06 14:30:03"
1307,21,"Erich Grois",NULL,NULL,"2023-06-06 14:30:03"
1308,26,"Issac Regelson",NULL,NULL,"2023-06-06 14:30:03"
1309,3,"Sarah Marryman",NULL,NULL,"2023-06-06 14:30:03"
1310,3,"Richard Baily",NULL,NULL,"2023-06-06 14:30:03"
1311,2,"Sheri Ward",NULL,NULL,"2023-06-06 14:30:03"
1312,3,"Herb Hurni",NULL,NULL,"2023-06-06 14:30:03"
1313,11,"Gary Lonesborough",NULL,NULL,"2023-06-06 14:30:03"
1314,10,"Yuriy Sokolov",NULL,NULL,"2023-06-06 14:30:03"
1315,11,"Nella Soboleva",NULL,NULL,"2023-06-06 14:30:03"
1316,21,"Sofia Garmash",NULL,NULL,"2023-06-06 14:30:03"
1317,12,"Keith Giosa",NULL,NULL,"2023-06-06 14:30:03"
1318,19,"Tricia Adriano",NULL,NULL,"2023-06-06 14:30:03"
1319,1,"Kevin Re LoVullo",NULL,NULL,"2023-06-06 14:30:03"
1320,20,"Thomas Durden",NULL,NULL,"2023-06-06 14:30:03"
1321,7,"Oliver Steele",NULL,NULL,"2023-06-06 14:30:03"
1322,8,"Julie Hurwitz",NULL,NULL,"2023-06-06 14:30:03"
1323,3,"John Eumer Yanga",NULL,NULL,"2023-06-06 14:30:03"
1324,4,"Jameson Fahy",NULL,NULL,"2023-06-06 14:30:03"
1325,2,"Paige Searcy",NULL,NULL,"2023-06-06 14:30:03"
1326,4,"Ian Lindberg",NULL,NULL,"2023-06-06 14:30:03"
1327,6,"Robert McVeigh",NULL,NULL,"2023-06-06 14:30:03"
1328,19,"Brandon Bernier",NULL,NULL,"2023-06-06 14:30:03"
1329,2,"Aleksandra Okhitina",1905,1998,"2023-06-06 14:30:03"
1330,4,"Cheryl Brown",NULL,NULL,"2023-06-06 14:30:03"
1331,4,"Leigha Smawley-Lean",NULL,NULL,"2023-06-06 14:30:03"
1332,11,"Han Budding",NULL,NULL,"2023-06-06 14:30:03"
1333,12,"Tom Russell",NULL,NULL,"2023-06-06 14:30:03"
1334,9,"Gez Lloyd",NULL,NULL,"2023-06-06 14:30:03"
1335,3,"Rikki Chart",NULL,NULL,"2023-06-06 14:30:03"
1336,1,"Evan Ayo",NULL,NULL,"2023-06-06 14:30:03"
1337,1,"Sergei Ashurov",NULL,NULL,"2023-06-06 14:30:03"
1338,4,"Geert Vriend",NULL,NULL,"2023-06-06 14:30:03"
1339,9,"Roland van der Grinten",NULL,NULL,"2023-06-06 14:30:03"
1340,7,"Irina Yordanova",1989,NULL,"2023-06-06 14:30:03"
1341,7,"Pavel Jurda",NULL,NULL,"2023-06-06 14:30:03"
1342,2,"Laura Wiesnerová",NULL,NULL,"2023-06-06 14:30:03"
1343,4,"Helena Burianova",NULL,NULL,"2023-06-06 14:30:03"
1344,1,"Antonín Koutný",NULL,NULL,"2023-06-06 14:30:03"
1345,16,"Diana Navrátilová",NULL,NULL,"2023-06-06 14:30:03"
1346,21,"Jitka Fleisleber",NULL,NULL,"2023-06-06 14:30:03"
1347,1,"Florian Synák",NULL,NULL,"2023-06-06 14:30:03"
1348,7,"Robert Mutch",NULL,NULL,"2023-06-06 14:30:03"
1349,1,"Jeelan Pasha",NULL,NULL,"2023-06-06 14:30:03"
1350,11,"Martin Mayntz",NULL,NULL,"2023-06-06 14:30:03"
1351,5,"Joseph Bryce Hart",NULL,NULL,"2023-06-06 14:30:03"
1352,2,"Kamilla Khoruzhenkova",NULL,NULL,"2023-06-06 14:30:03"
1353,15,"Anna Tombacz",NULL,NULL,"2023-06-06 14:30:03"
1354,2,"Shabana Smith",NULL,NULL,"2023-06-06 14:30:03"
1355,6,"Rob Mutch",NULL,NULL,"2023-06-06 14:30:03"
1356,26,"Peter Webb",NULL,NULL,"2023-06-06 14:30:03"
1357,26,"Rosemary Webb",NULL,NULL,"2023-06-06 14:30:03"
1358,2,"Diana Forlani",NULL,NULL,"2023-06-06 14:30:03"
1359,1,"Jon Wynch",NULL,NULL,"2023-06-06 14:30:03"
1360,7,"Anush Moorthy",NULL,NULL,"2023-06-06 14:30:03"
1361,1,"Devika Ashok",NULL,NULL,"2023-06-06 14:30:03"
1362,1,"Santosh Nichani",NULL,NULL,"2023-06-06 14:30:03"
1363,22,"Guy Inchbald",NULL,NULL,"2023-06-06 14:30:03"
1364,19,"Joe French",NULL,NULL,"2023-06-06 14:30:03"
1365,3,"Andrew Doetsch",NULL,NULL,"2023-06-06 14:30:03"
1366,1,"Parker Thomas",NULL,NULL,"2023-06-06 14:30:03"
1367,1,"Rahul Abburi",NULL,NULL,"2023-06-06 14:30:03"
1368,1,"Art Newkirk",NULL,NULL,"2023-06-06 14:30:03"
1369,1,"Arnold Kraan",NULL,NULL,"2023-06-06 14:30:03"
1370,10,"Marie Béchaux",NULL,NULL,"2023-06-06 14:30:03"
1371,1,"Ahkai Franklin",NULL,NULL,"2023-06-06 14:30:03"
1372,8,"Conor Stevenson",NULL,NULL,"2023-06-06 14:30:03"
1373,2,"Pâmela Tomé",NULL,NULL,"2023-06-06 14:30:03"
1374,7,"Loic Maes",NULL,NULL,"2023-06-06 14:30:03"
1375,1,"Federico Rivetti",NULL,NULL,"2023-06-06 14:30:03"
1376,2,"Victoria Turner",NULL,NULL,"2023-06-06 14:30:03"
1377,1,"Gilbert Feliciano",NULL,NULL,"2023-06-06 14:30:03"
1378,1,"Brent Dehn",NULL,NULL,"2023-06-06 14:30:03"
1379,9,"Armand Lesecq",NULL,NULL,"2023-06-06 14:30:03"
1380,8,"Claire Hostetler",NULL,NULL,"2023-06-06 14:30:03"
1381,26,"Paolo Castillo",NULL,NULL,"2023-06-06 14:30:03"
1382,2,"Elizabeth Gini",NULL,NULL,"2023-06-06 14:30:03"
1383,7,"Andrea Crisanti",NULL,NULL,"2023-06-06 14:30:03"
1384,1,"Gabriele Pestilli",NULL,NULL,"2023-06-06 14:30:03"
1385,1,"Corey Faiola",NULL,NULL,"2023-06-06 14:30:03"
1386,2,"Kiah McKirnan",NULL,NULL,"2023-06-06 14:30:03"
1387,1,"Brian Cairns",NULL,NULL,"2023-06-06 14:30:03"
1388,12,"Filippo Gatti",NULL,NULL,"2023-06-06 14:30:03"
1389,1,"Matt Roberts",NULL,NULL,"2023-06-06 14:30:03"
1390,2,"Jacqueline McMillan",NULL,NULL,"2023-06-06 14:30:03"
1391,30,"Manolis Foinikianakis",NULL,NULL,"2023-06-06 14:30:03"
1392,1,"Sokratis Malamas",NULL,NULL,"2023-06-06 14:30:03"
1393,7,"Christina Allen",NULL,NULL,"2023-06-06 14:30:03"
1394,19,"Medz Dela Cruz",NULL,NULL,"2023-06-06 14:30:03"
1395,3,"Zsaknor Powe",NULL,NULL,"2023-06-06 14:30:03"
1396,1,"Karim Jovian",1987,NULL,"2023-06-06 14:30:03"
1397,8,"Kelman Ustman",NULL,NULL,"2023-06-06 14:30:03"
1398,14,"Naomi Miber",NULL,NULL,"2023-06-06 14:30:03"
1399,6,"Louie Issachar",NULL,NULL,"2023-06-06 14:30:03"
1400,6,"Dani Zamir",NULL,NULL,"2023-06-06 14:30:03"
1401,21,"Rachel Zeltsman",NULL,NULL,"2023-06-06 14:30:03"
1402,19,"Elisheva Goldin",NULL,NULL,"2023-06-06 14:30:03"
1403,17,"Pinhas Zeevi",NULL,NULL,"2023-06-06 14:30:03"
1404,19,"Petra Mayer",NULL,NULL,"2023-06-06 14:30:03"
1405,4,"Jean Ng",NULL,NULL,"2023-06-06 14:30:03"
1406,3,"Sian Thomas",NULL,NULL,"2023-06-06 14:30:03"
1407,1,"Gregg Zart",NULL,NULL,"2023-06-06 14:30:03"
1408,1,"Harry Lukakis",NULL,NULL,"2023-06-06 14:30:03"
1409,1,"Ben Gail",NULL,NULL,"2023-06-06 14:30:03"
1410,1,"Austin Cohen",2013,NULL,"2023-06-06 14:30:03"
1411,1,"Gary Wall",NULL,NULL,"2023-06-06 14:30:03"
1412,8,"Jay-R Mallari",NULL,NULL,"2023-06-06 14:30:03"
1413,8,"Blade Espirito",NULL,NULL,"2023-06-06 14:30:03"
1414,8,"Andrie Salazar",NULL,NULL,"2023-06-06 14:30:03"
1415,21,"Leonard Bryan Cabasag",NULL,NULL,"2023-06-06 14:30:03"
1416,21,"Eunice Dela Cruz-Cortez",NULL,NULL,"2023-06-06 14:30:03"
1417,19,"Kris Campanilla",NULL,NULL,"2023-06-06 14:30:03"
1418,16,"Kate Montemayor",NULL,NULL,"2023-06-06 14:30:03"
1419,3,"Gemma Geslani",NULL,NULL,"2023-06-06 14:30:03"
1420,3,"Jerwin Ubaldo",NULL,NULL,"2023-06-06 14:30:03"
1421,13,"Marcel Klemm",1979,NULL,"2023-06-06 14:30:03"
1422,5,"Marianna Tanagia",NULL,NULL,"2023-06-06 14:30:03"
1423,2,"Pamela Wade Watkins",NULL,NULL,"2023-06-06 14:30:03"
1424,15,"Romeo Faustino Jr.",NULL,NULL,"2023-06-06 14:30:03"
1425,19,"Javier Delgado",NULL,NULL,"2023-06-06 14:30:03"
1426,19,"Ira Neptali Rebao",NULL,NULL,"2023-06-06 14:30:03"
1427,3,"Renan Osorio",NULL,NULL,"2023-06-06 14:30:03"
1428,3,"Tyne Villan",NULL,NULL,"2023-06-06 14:30:03"
1429,6,"Eric Clark",NULL,NULL,"2023-06-06 14:30:03"
1430,3,"Emily Elhert",NULL,NULL,"2023-06-06 14:30:03"
1431,1,"Zamien 'Az-Is' Shearer",NULL,NULL,"2023-06-06 14:30:03"
1432,2,"Georgia Short Wade",NULL,NULL,"2023-06-06 14:30:03"
1433,1,"Rick Ingraham",NULL,NULL,"2023-06-06 14:30:03"
1434,2,"Carmen Borja",NULL,NULL,"2023-06-06 14:30:03"
1435,2,"Sharon Van Scott",NULL,NULL,"2023-06-06 14:30:03"
1436,16,"Franchsca Rayes",NULL,NULL,"2023-06-06 14:30:03"
1437,11,"Miha Hvale",NULL,NULL,"2023-06-06 14:30:03"
1438,5,"Stephen J. Smith",1981,NULL,"2023-06-06 14:30:03"
1439,1,"Cameron Blankenship",NULL,NULL,"2023-06-06 14:30:03"
1440,16,"Caitlin Anderson",NULL,NULL,"2023-06-06 14:30:03"
1441,4,"Julie Beth Goldstein",NULL,NULL,"2023-06-06 14:30:03"
1442,1,"Panagiotis Iliopoulos",NULL,NULL,"2023-06-06 14:30:03"
1443,7,"Boris Lapin",1945,2002,"2023-06-06 14:30:03"
1444,1,"Peter Kashapata",NULL,NULL,"2023-06-06 14:30:03"
1445,2,"Alicia Brooks",NULL,NULL,"2023-06-06 14:30:03"
1446,1,Dexter,NULL,NULL,"2023-06-06 14:30:03"
1447,13,"Matti McWilliams",NULL,NULL,"2023-06-06 14:30:03"
1448,2,"Brandi Conley",NULL,NULL,"2023-06-06 14:30:03"
1449,2,"Guiliana Gini",NULL,NULL,"2023-06-06 14:30:03"
1450,2,"Toni Smith",NULL,NULL,"2023-06-06 14:30:03"
1451,1,AnselmoGiovanni,NULL,NULL,"2023-06-06 14:30:03"
1452,1,"Mohamed Ali",NULL,NULL,"2023-06-06 14:30:03"
1453,1,"Aaron Joseph Martinez",NULL,NULL,"2023-06-06 14:30:03"
1454,1,"Ruben Rabitt Sotelo",NULL,NULL,"2023-06-06 14:30:03"
1455,1,"Boris Samoshin",1928,1994,"2023-06-06 14:30:03"
1456,3,"Maria LoTempio",NULL,NULL,"2023-06-06 14:30:03"
1457,1,"Brandon Wooten",NULL,NULL,"2023-06-06 14:30:03"
1458,9,"Chris Gomersall",NULL,NULL,"2023-06-06 14:30:03"
1459,1,"Ahdream Smith",NULL,NULL,"2023-06-06 14:30:03"
1460,1,Venkateshwaran,NULL,NULL,"2023-06-06 14:30:03"
1461,1,"Senthil Ramaiya",NULL,NULL,"2023-06-06 14:30:03"
1462,1,"Manikanda Prabhu",NULL,NULL,"2023-06-06 14:30:03"
1463,1,Satham,NULL,NULL,"2023-06-06 14:30:03"
1464,4,Venkateswaran,NULL,NULL,"2023-06-06 14:30:03"
1465,5,"Kritika Arya",NULL,NULL,"2023-06-06 14:30:03"
1466,10,"Giovanny Forigua",NULL,NULL,"2023-06-06 14:30:03"
1467,4,"Sam Ward",NULL,NULL,"2023-06-06 14:30:03"
1468,6,"Mariangela Mariotta",NULL,NULL,"2023-06-06 14:30:03"
1469,12,"Serpens Music",NULL,NULL,"2023-06-06 14:30:03"
1470,2,"Linda Lodigiani",NULL,NULL,"2023-06-06 14:30:03"
1471,2,"Indiana Lyttle",NULL,NULL,"2023-06-06 14:30:03"
1472,4,"Emma Boero",NULL,NULL,"2023-06-06 14:30:03"
1473,25,"Preston Villers",NULL,NULL,"2023-06-06 14:30:03"
1474,3,"Francesco Lodigiani",NULL,NULL,"2023-06-06 14:30:03"
1475,3,"Enrico Lodigiani",NULL,NULL,"2023-06-06 14:30:03"
1476,1,"Juliano Laham",1992,NULL,"2023-06-06 14:30:03"
1477,4,"Elissavet Hatzinikolaou",NULL,NULL,"2023-06-06 14:30:03"
1478,11,"Patrick Saleh-Zaki",NULL,NULL,"2023-06-06 14:30:03"
1479,5,"Christian Brandes",NULL,NULL,"2023-06-06 14:30:03"
1480,1,"Rene Gube",NULL,NULL,"2023-06-06 14:30:03"
1481,8,"Susanna della Sala",NULL,NULL,"2023-06-06 14:30:03"
1482,1,"Octawie Tah",NULL,NULL,"2023-06-06 14:30:03"
1483,11,"Michael Stiemsma",NULL,NULL,"2023-06-06 14:30:03"
1484,1,"Olivier Mitton",1989,NULL,"2023-06-06 14:30:03"
1485,1,"Shehab Hamdan",NULL,NULL,"2023-06-06 14:30:03"
1486,1,"Demetrios Mavrofrides",NULL,NULL,"2023-06-06 14:30:03"
1487,1,"Michael Colby",1995,NULL,"2023-06-06 14:30:03"
1488,1,"Mark Dodd",NULL,NULL,"2023-06-06 14:30:03"
1489,16,"Angela Krushelnytska",NULL,NULL,"2023-06-06 14:30:03"
1490,1,"Joey Ringbloom",NULL,NULL,"2023-06-06 14:30:03"
1491,6,"Corey Pentland",NULL,NULL,"2023-06-06 14:30:03"
1492,1,"Luis Arreaga",NULL,NULL,"2023-06-06 14:30:03"
1493,1,"Jacob Tucker",NULL,NULL,"2023-06-06 14:30:03"
1494,6,"Quincy Ross",NULL,NULL,"2023-06-06 14:30:03"
1495,4,"Ama Bollinger",NULL,NULL,"2023-06-06 14:30:03"
1496,5,"P.V. Shajikumar",1983,NULL,"2023-06-06 14:30:03"
1497,1,"Daniel Ward",NULL,NULL,"2023-06-06 14:30:03"
1498,1,"The Musical Madcaps",NULL,NULL,"2023-06-06 14:30:03"
1499,9,"George Doufalidis",NULL,NULL,"2023-06-06 14:30:03"
1500,27,"Nicke Lund",NULL,NULL,"2023-06-06 14:30:03"
1501,19,"Marnie Clark",NULL,NULL,"2023-06-06 14:30:03"
1502,39,Anavitória,NULL,NULL,"2023-06-06 14:30:03"
1503,6,"Gianluca Basile",NULL,NULL,"2023-06-06 14:30:03"
1504,3,"Rod Prast",NULL,NULL,"2023-06-06 14:30:03"
1505,1,"Andreas Hatzimarkakis",NULL,NULL,"2023-06-06 14:30:03"
1506,4,"Leonidas Skoulikaris",NULL,NULL,"2023-06-06 14:30:03"
1507,26,"Loukianos Arnaoutakis",NULL,NULL,"2023-06-06 14:30:03"
1508,1,"Kevin Kobinsky",NULL,NULL,"2023-06-06 14:30:03"
1509,6,"Richard Hilton",NULL,NULL,"2023-06-06 14:30:03"
1510,23,"Joanna Suchomska",NULL,NULL,"2023-06-06 14:30:03"
1511,6,"Angelos Psomopoulos",NULL,NULL,"2023-06-06 14:30:03"
1512,7,"Saheel Singh",NULL,NULL,"2023-06-06 14:30:03"
1513,2,"Darya Miroshnikova",NULL,NULL,"2023-06-06 14:30:03"
1514,5,"Seyma Uyguntemur",NULL,NULL,"2023-06-06 14:30:03"
1515,9,"Emily Tierney",NULL,NULL,"2023-06-06 14:30:03"
1516,6,"Ellie Jee",NULL,NULL,"2023-06-06 14:30:03"
1517,2,"Heidi G. Cass",NULL,NULL,"2023-06-06 14:30:03"
1518,1,"Theo de Almeida Lopes",NULL,NULL,"2023-06-06 14:30:03"
1519,3,"Emilio Gonzalez Moreno",NULL,NULL,"2023-06-06 14:30:03"
1520,4,"Tiffany A. Hughes",NULL,NULL,"2023-06-06 14:30:03"
1521,6,"Michael Lewchyshyn",NULL,NULL,"2023-06-06 14:30:03"
1522,1,"Sunny Frumkin",NULL,NULL,"2023-06-06 14:30:03"
1523,13,"Sandra Peres",NULL,NULL,"2023-06-06 14:30:03"
1524,2,"Chanel Kinery",NULL,NULL,"2023-06-06 14:30:03"
1525,1,"Joseph Priestley",NULL,NULL,"2023-06-06 14:30:03"
1526,14,"Ismail Hameed",NULL,NULL,"2023-06-06 14:30:03"
1527,14,"Paul Williams",NULL,NULL,"2023-06-06 14:30:03"
1528,14,"Gregory Livingston",NULL,NULL,"2023-06-06 14:30:03"
1529,1,"Vito Weis",NULL,NULL,"2023-06-06 14:30:03"
1530,2,"Vita Burger",NULL,NULL,"2023-06-06 14:30:03"
1531,1,"Terrence Keith",NULL,NULL,"2023-06-06 14:30:03"
1532,1,"Frantz Baron",NULL,NULL,"2023-06-06 14:30:03"
1533,2,"Verinia Taylor",NULL,NULL,"2023-06-06 14:30:03"
1534,3,"LaQuin Bee j",NULL,NULL,"2023-06-06 14:30:03"
1535,5,"Rohan Rai",NULL,NULL,"2023-06-06 14:30:03"
1536,16,"Breanna Baccarella",NULL,NULL,"2023-06-06 14:30:03"
1537,10,"Shachar Yerushalmi",NULL,NULL,"2023-06-06 14:30:03"
1538,21,"Stanley Sherman",NULL,NULL,"2023-06-06 14:30:03"
1539,17,"Klaus Hauser",NULL,NULL,"2023-06-06 14:30:03"
1540,2,"Evangeline Vasiliadis",NULL,NULL,"2023-06-06 14:30:03"
1541,8,"Joe Bauchung",NULL,NULL,"2023-06-06 14:30:03"
1542,8,"Alex Kahn",NULL,NULL,"2023-06-06 14:30:03"
1543,8,"Alex Kaufman",NULL,NULL,"2023-06-06 14:30:03"
1544,14,"Justin Abenchuchan",NULL,NULL,"2023-06-06 14:30:03"
1545,19,"Emma Blackman",NULL,NULL,"2023-06-06 14:30:03"
1546,26,"Rafael Rivera",NULL,NULL,"2023-06-06 14:30:03"
1547,26,"Tristan Gasperian",NULL,NULL,"2023-06-06 14:30:03"
1548,26,"Funkuin Sam",NULL,NULL,"2023-06-06 14:30:03"
1549,4,"Nathalie Berrebi",NULL,NULL,"2023-06-06 14:30:03"
1550,4,"Luigi Rossi",NULL,NULL,"2023-06-06 14:30:03"
1551,17,"Nick Rooney",NULL,NULL,"2023-06-06 14:30:03"
1552,1,"Mike Kim",NULL,NULL,"2023-06-06 14:30:03"
1553,15,"Mike Liconti",NULL,NULL,"2023-06-06 14:30:03"
1554,15,"Asaf Yager",NULL,NULL,"2023-06-06 14:30:03"
1555,15,"Cory Brown",NULL,NULL,"2023-06-06 14:30:03"
1556,3,"Dan Connelly",NULL,NULL,"2023-06-06 14:30:03"
1557,3,"Aaron Brooks",NULL,NULL,"2023-06-06 14:30:03"
1558,3,"Greg Blue",NULL,NULL,"2023-06-06 14:30:03"
1559,3,"Eric Pato",NULL,NULL,"2023-06-06 14:30:03"
1560,3,"Mike Bentley",NULL,NULL,"2023-06-06 14:30:03"
1561,14,"Quyn Duong",NULL,NULL,"2023-06-06 14:30:03"
1562,1,"Johnny Pozzi",NULL,NULL,"2023-06-06 14:30:03"
1563,25,"Lucca Dahan",NULL,NULL,"2023-06-06 14:30:03"
1564,1,"Mason Walker",NULL,NULL,"2023-06-06 14:30:03"
1565,5,"Cairo Smith",1997,NULL,"2023-06-06 14:30:03"
1566,7,"Tomás Rezek",NULL,NULL,"2023-06-06 14:30:03"
1567,19,"Vaggelis Katsaros",NULL,NULL,"2023-06-06 14:30:03"
1568,3,"Lucille Thaler",NULL,NULL,"2023-06-06 14:30:03"
1569,3,"P.A. Clements",NULL,NULL,"2023-06-06 14:30:03"
1570,3,"Paul Desmond",NULL,NULL,"2023-06-06 14:30:03"
1571,6,"Christina Borgs",NULL,NULL,"2023-06-06 14:30:03"
1572,10,"Dilsat Canan",NULL,NULL,"2023-06-06 14:30:03"
1573,6,"Cesar Alejandro Karraa Valladares",NULL,NULL,"2023-06-06 14:30:03"
1574,14,"Mark Williams",NULL,NULL,"2023-06-06 14:30:03"
1575,12,"Dante Pascuzzo",NULL,NULL,"2023-06-06 14:30:03"
1576,1,"Eamonn Dwyer",NULL,NULL,"2023-06-06 14:30:03"
1577,6,"Hahn Byol Chang",NULL,NULL,"2023-06-06 14:30:03"
1578,2,"Sabrina Baron",NULL,NULL,"2023-06-06 14:30:03"
1579,2,"Sophia Baron",NULL,NULL,"2023-06-06 14:30:03"
1580,1,"Gareth Bryant",NULL,NULL,"2023-06-06 14:30:03"
1581,9,"Mikes Billis",NULL,NULL,"2023-06-06 14:30:03"
1582,7,"Osama El Sayed",NULL,NULL,"2023-06-06 14:30:03"
1583,7,"Lorenz Wetscher",NULL,NULL,"2023-06-06 14:30:03"
1584,10,"Patrick Kamalzadeh",NULL,NULL,"2023-06-06 14:30:03"
1585,1,"Tucker Weinmann",NULL,NULL,"2023-06-06 14:30:03"
1586,6,"Artem Mykhailetskyi",NULL,NULL,"2023-06-06 14:30:03"
1587,6,"Bassem Azer",NULL,NULL,"2023-06-06 14:30:03"
1588,6,"Jorge Rivas",NULL,NULL,"2023-06-06 14:30:03"
1589,12,"Linda della Sala",NULL,NULL,"2023-06-06 14:30:03"
1590,14,"Amir Nouri",NULL,NULL,"2023-06-06 14:30:03"
1591,13,"Eugen Sauerborn",NULL,NULL,"2023-06-06 14:30:03"
1592,18,"David Diomedes Heras",NULL,NULL,"2023-06-06 14:30:03"
1593,27,"Christina Boschman",NULL,NULL,"2023-06-06 14:30:03"
1594,6,"Elias Darmas",NULL,NULL,"2023-06-06 14:30:03"
1595,6,"Shad Cr",NULL,NULL,"2023-06-06 14:30:03"
1596,4,"Andres Torres",NULL,NULL,"2023-06-06 14:30:03"
1597,1,"Waddell Holmes",NULL,NULL,"2023-06-06 14:30:03"
1598,6,"Jessie Yin",NULL,NULL,"2023-06-06 14:30:03"
1599,23,"Yuliya Kornienko",NULL,NULL,"2023-06-06 14:30:03"
1600,2,"Bela Larby",NULL,NULL,"2023-06-06 14:30:03"
1601,1,"Angel Polanco",1993,NULL,"2023-06-06 14:30:03"
1602,1,"Bruce Cline",NULL,NULL,"2023-06-06 14:30:03"
1603,2,"Ella Broda",NULL,NULL,"2023-06-06 14:30:03"
1604,1,"Götz Vogel von Vogelstein",NULL,NULL,"2023-06-06 14:30:03"
1605,2,"Keiona Chang",NULL,NULL,"2023-06-06 14:30:03"
1606,14,"Sancia Trouillot",NULL,NULL,"2023-06-06 14:30:03"
1607,11,"Laurène Da Palma Cavaco",NULL,NULL,"2023-06-06 14:30:03"
1608,6,"Daryl McKenna",NULL,NULL,"2023-06-06 14:30:03"
1609,14,"Atul Kumar Tiwari",NULL,NULL,"2023-06-06 14:30:03"
1610,1,"Rafael J. Acuña",NULL,NULL,"2023-06-06 14:30:03"
1611,6,"Erez Wiezel",NULL,NULL,"2023-06-06 14:30:03"
1612,6,"Khang Nguyen",NULL,NULL,"2023-06-06 14:30:03"
1613,3,"Alexis Varvagiannis",NULL,NULL,"2023-06-06 14:30:03"
1614,2,"Febe Kraan",NULL,NULL,"2023-06-06 14:30:03"
1615,25,"Maxine Clement",NULL,NULL,"2023-06-06 14:30:03"
1616,7,"Howard Hughes",NULL,NULL,"2023-06-06 14:30:03"
1617,16,"Ash Ortiz",NULL,NULL,"2023-06-06 14:30:03"
1618,1,"Ryan Bannon",NULL,NULL,"2023-06-06 14:30:03"
1619,27,"Tajayona Harris",NULL,NULL,"2023-06-06 14:30:03"
1620,7,"Veronika Bolotina",NULL,NULL,"2023-06-06 14:30:03"
1621,1,"Krishna Gokani",NULL,NULL,"2023-06-06 14:30:03"
1622,7,"Maha Moussa",NULL,NULL,"2023-06-06 14:30:03"
1623,20,Paolo,NULL,NULL,"2023-06-06 14:30:03"
1624,39,"Matheus & Kauan",NULL,NULL,"2023-06-06 14:30:03"
1625,3,"Daniel Bachynsky",NULL,NULL,"2023-06-06 14:30:03"
1626,2,"Sabrina Caietta",NULL,NULL,"2023-06-06 14:30:03"
1627,1,"Cory Luscombe",NULL,NULL,"2023-06-06 14:30:03"
1628,1,"Sean Moreman",NULL,NULL,"2023-06-06 14:30:03"
1629,14,"Azamat Rahmaty",NULL,NULL,"2023-06-06 14:30:03"
1630,4,"Sabih Samdani",NULL,NULL,"2023-06-06 14:30:03"
1631,10,"N. Grigor",NULL,NULL,"2023-06-06 14:30:03"
1632,3,"A. Masalkina",NULL,NULL,"2023-06-06 14:30:03"
1633,3,"A. Petrov",NULL,NULL,"2023-06-06 14:30:03"
1634,14,"Tatiana Mattos",NULL,NULL,"2023-06-06 14:30:03"
1635,11,"Qinying Qian",NULL,NULL,"2023-06-06 14:30:03"
1636,27,"Raihan Mughal",NULL,NULL,"2023-06-06 14:30:03"
1637,8,"Anatolyy Mykhayletskyy",NULL,NULL,"2023-06-06 14:30:03"
1638,30,"Betsy Hibbert",NULL,NULL,"2023-06-06 14:30:03"
1639,3,"Nomi Wasikowska",NULL,NULL,"2023-06-06 14:30:03"
1640,15,"Bernard Gagnon",NULL,NULL,"2023-06-06 14:30:03"
1641,4,"Craig Myers",NULL,NULL,"2023-06-06 14:30:03"
1642,6,"Chad Baker",NULL,NULL,"2023-06-06 14:30:03"
1643,5,"Danilo Del Tufo",NULL,NULL,"2023-06-06 14:30:03"
1644,2,"Jennifer Woods",NULL,NULL,"2023-06-06 14:30:03"
1645,1,"Thales Miranda",NULL,NULL,"2023-06-06 14:30:03"
1646,10,"Robbie Lee Coyle",NULL,NULL,"2023-06-06 14:30:03"
1647,4,"Lew Shomer",NULL,NULL,"2023-06-06 14:30:03"
1648,4,"David Korse",NULL,NULL,"2023-06-06 14:30:03"
1649,1,"Edwin Borja",NULL,NULL,"2023-06-06 14:30:03"
1650,1,"Joseph Maligno",NULL,NULL,"2023-06-06 14:30:03"
1651,1,"Garry James Borland",NULL,NULL,"2023-06-06 14:30:03"
1652,14,"Alex Brown",NULL,NULL,"2023-06-06 14:30:03"
1653,10,"Nikolay Mandrich",NULL,NULL,"2023-06-06 14:30:03"
1654,29,"Dajo Vande Putte",NULL,NULL,"2023-06-06 14:30:03"
1655,2,"Ana Caetano",NULL,NULL,"2023-06-06 14:30:03"
1656,1,"Leonardo José",NULL,NULL,"2023-06-06 14:30:03"
1657,3,"Claudia Daher",NULL,NULL,"2023-06-06 14:30:03"
