title_id,title_type_id,title_primary,title_original,title_adult,title_start_year,title_end_year,title_runtime,last_modified
1,1,"Episode dated 2 December 2017","Episode dated 2 December 2017",0,2017,NULL,240,"2023-06-06 14:30:03"
2,1,"Episode #83.123","Episode #83.123",0,2021,NULL,NULL,"2023-06-06 14:30:03"
3,1,"Conhecimento Indígena","Conhecimento Indígena",0,2021,NULL,NULL,"2023-06-06 14:30:03"
4,1,"Episode dated 18 October 2010","Episode dated 18 October 2010",0,2010,NULL,NULL,"2023-06-06 14:30:03"
5,1,"A Trancafiada","A Trancafiada",0,2021,NULL,NULL,"2023-06-06 14:30:03"
6,1,"Episode #1.43","Episode #1.43",0,NULL,NULL,NULL,"2023-06-06 14:30:03"
7,1,"Love and Kittens","Love and Kittens",0,1985,NULL,NULL,"2023-06-06 14:30:03"
8,1,"Episode #1.2578","Episode #1.2578",0,NULL,NULL,NULL,"2023-06-06 14:30:03"
9,1,"Episode #1.5414","Episode #1.5414",0,2020,NULL,NULL,"2023-06-06 14:30:03"
10,1,"Braydon Szafranski","Braydon Szafranski",0,2009,NULL,NULL,"2023-06-06 14:30:03"
11,3,Foreplay,Foreplay,0,1975,NULL,75,"2023-06-06 14:30:03"
12,2,"I once thought the rain looks sad","I once thought the rain looks sad",0,2018,NULL,14,"2023-06-06 14:30:03"
13,7,"Hitman EX-2","Hitman EX-2",0,2018,NULL,NULL,"2023-06-06 14:30:03"
14,1,"Episode #1.2","Episode #1.2",0,2011,NULL,47,"2023-06-06 14:30:03"
15,4,"Lost in the Woods","Lost in the Woods",0,2007,NULL,5,"2023-06-06 14:30:03"
16,1,"Episode #1.126","Episode #1.126",0,1981,NULL,30,"2023-06-06 14:30:03"
17,1,"Episode #1.32","Episode #1.32",0,2021,NULL,NULL,"2023-06-06 14:30:03"
18,1,"Episode #1.7","Episode #1.7",0,2013,NULL,6,"2023-06-06 14:30:03"
19,1,"The American Dream","The American Dream",0,1971,NULL,60,"2023-06-06 14:30:03"
20,3,Mask,Mask,0,2021,NULL,NULL,"2023-06-06 14:30:03"
21,1,"Episode #1.184","Episode #1.184",0,2018,NULL,NULL,"2023-06-06 14:30:03"
22,2,"Bernie Sanders Is the One for Me","Bernie Sanders Is the One for Me",0,2016,NULL,NULL,"2023-06-06 14:30:03"
23,1,"Adaptations and the Environment","Adaptations and the Environment",0,2018,NULL,11,"2023-06-06 14:30:03"
24,1,"Episode #2.170","Episode #2.170",0,2008,NULL,NULL,"2023-06-06 14:30:03"
25,5,"Cinemax Sessions","Cinemax Sessions",0,1986,NULL,NULL,"2023-06-06 14:30:03"
26,1,"Episode #1.452","Episode #1.452",0,NULL,NULL,NULL,"2023-06-06 14:30:03"
27,2,"Dîner pour deux: A Foreign Film","Dîner pour deux: A Foreign Film",0,2010,NULL,8,"2023-06-06 14:30:03"
28,1,"Episode #22.7","Episode #22.7",0,2020,NULL,NULL,"2023-06-06 14:30:03"
29,1,"Who Is the Best Actor?","Who Is the Best Actor?",0,2004,NULL,22,"2023-06-06 14:30:03"
30,2,Century,Century,0,2012,NULL,7,"2023-06-06 14:30:03"
31,2,"The Paper City","The Paper City",0,2016,NULL,6,"2023-06-06 14:30:03"
32,1,"Episode #1.8","Episode #1.8",0,2001,NULL,NULL,"2023-06-06 14:30:03"
33,3,"30 Days To Kick Ass Love","30 Days To Kick Ass Love",0,2020,NULL,90,"2023-06-06 14:30:03"
34,1,"Episode dated 24 July 2020","Episode dated 24 July 2020",0,2020,NULL,NULL,"2023-06-06 14:30:03"
35,1,"Akilah Hughes","Akilah Hughes",0,2019,NULL,NULL,"2023-06-06 14:30:03"
36,1,"Mit allen Mitteln","Mit allen Mitteln",0,2008,NULL,NULL,"2023-06-06 14:30:03"
37,2,Cameraman,Cameraman,0,2022,NULL,5,"2023-06-06 14:30:03"
38,1,"Episode dated 29 October 2012","Episode dated 29 October 2012",0,2012,NULL,NULL,"2023-06-06 14:30:03"
39,1,"Episode #1.2","Episode #1.2",0,2020,NULL,NULL,"2023-06-06 14:30:03"
40,1,"Firma 2","Firma 2",0,2015,NULL,NULL,"2023-06-06 14:30:03"
41,1,"Episode #1.402","Episode #1.402",0,NULL,NULL,NULL,"2023-06-06 14:30:03"
42,1,"Ricky Is History","Ricky Is History",0,2008,NULL,NULL,"2023-06-06 14:30:03"
43,1,"Episode #1.405","Episode #1.405",0,NULL,NULL,NULL,"2023-06-06 14:30:03"
44,1,"Episode #1.120","Episode #1.120",0,NULL,NULL,NULL,"2023-06-06 14:30:03"
45,6,"Rolando Gomez ist verschwunden","Rolando Gomez ist verschwunden",0,1963,NULL,NULL,"2023-06-06 14:30:03"
46,1,"We're Talking Balls","We're Talking Balls",0,1997,NULL,NULL,"2023-06-06 14:30:03"
47,1,"Episode dated 5 October 1995","Episode dated 5 October 1995",0,1995,NULL,NULL,"2023-06-06 14:30:03"
48,3,Chera,Chera,0,NULL,NULL,NULL,"2023-06-06 14:30:03"
49,1,"Episode dated 24 March 1997","Episode dated 24 March 1997",0,1997,NULL,NULL,"2023-06-06 14:30:03"
50,1,"Episode #4.26","Episode #4.26",0,1971,NULL,NULL,"2023-06-06 14:30:03"
51,4,"Catfighting 2","Catfighting 2",1,1991,NULL,55,"2023-06-06 14:30:03"
52,1,"Episode dated 18 October 2016","Episode dated 18 October 2016",0,2016,NULL,NULL,"2023-06-06 14:30:03"
53,3,"The Fifth Girl","The Fifth Girl",0,NULL,NULL,NULL,"2023-06-06 14:30:03"
54,1,"Episode #6.125","Episode #6.125",0,2012,NULL,NULL,"2023-06-06 14:30:03"
55,1,"Episode #1.21","Episode #1.21",0,1958,NULL,NULL,"2023-06-06 14:30:03"
56,2,"Review by the Queen and the Prince of Wales","Review by the Queen and the Prince of Wales",0,1902,NULL,NULL,"2023-06-06 14:30:03"
57,1,"Episode #1.79","Episode #1.79",0,NULL,NULL,22,"2023-06-06 14:30:03"
58,3,"Les gaietés du palace","Les gaietés du palace",0,1936,NULL,NULL,"2023-06-06 14:30:03"
59,1,"Episode dated 15 February 2008","Episode dated 15 February 2008",0,2008,NULL,NULL,"2023-06-06 14:30:03"
60,1,"11. mars 2013 kl. 12:00","11. mars 2013 kl. 12:00",0,2013,NULL,NULL,"2023-06-06 14:30:03"
61,1,"Toys for Blue Baron","Toys for Blue Baron",0,2014,NULL,NULL,"2023-06-06 14:30:03"
62,1,"Gala 1","Gala 1",0,2021,NULL,NULL,"2023-06-06 14:30:03"
63,1,"Episode #1.1424","Episode #1.1424",0,1980,NULL,22,"2023-06-06 14:30:03"
64,2,"526 W Houston","526 W Houston",0,2016,NULL,NULL,"2023-06-06 14:30:03"
65,3,"South of Panama","South of Panama",0,1928,NULL,68,"2023-06-06 14:30:03"
66,1,"Episode #4.129","Episode #4.129",0,2020,NULL,NULL,"2023-06-06 14:30:03"
67,1,"Episode #1.3","Episode #1.3",0,2023,NULL,NULL,"2023-06-06 14:30:03"
68,1,"Episode #16.21","Episode #16.21",0,1981,NULL,NULL,"2023-06-06 14:30:03"
69,1,"Episode #1.35","Episode #1.35",0,1974,NULL,45,"2023-06-06 14:30:03"
70,1,"Sexton Blake and Captain Nemesis: Part 1 - Collision Course","Sexton Blake and Captain Nemesis: Part 1 - Collision Course",0,1969,NULL,NULL,"2023-06-06 14:30:03"
71,1,"Episode #1.4099","Episode #1.4099",0,1980,NULL,NULL,"2023-06-06 14:30:03"
72,2,Frequency,Frequency,0,2010,NULL,22,"2023-06-06 14:30:03"
73,1,"Episode dated 16 November 1998","Episode dated 16 November 1998",0,1998,NULL,NULL,"2023-06-06 14:30:03"
74,1,"Bekommt Julia das Stipendium?","Bekommt Julia das Stipendium?",0,2013,NULL,NULL,"2023-06-06 14:30:03"
75,1,"Red Eyes are the Sign of Hell. Chase After the Killing Squad!","Red Eyes are the Sign of Hell. Chase After the Killing Squad!",0,1987,NULL,24,"2023-06-06 14:30:03"
76,6,"5000 Taler","5000 Taler",0,1963,NULL,25,"2023-06-06 14:30:03"
77,2,"Home Alone 9","Home Alone 9",0,2017,NULL,NULL,"2023-06-06 14:30:03"
78,2,"The Forbidden Fruit","The Forbidden Fruit",0,2011,NULL,10,"2023-06-06 14:30:03"
79,1,"Valentino on the Square","Valentino on the Square",0,2007,NULL,NULL,"2023-06-06 14:30:03"
80,1,"Marie, My Love","Marie, My Love",0,1963,NULL,60,"2023-06-06 14:30:03"
81,1,"Episode #1.6","Episode #1.6",0,NULL,NULL,NULL,"2023-06-06 14:30:03"
82,2,"The Liminal","The Liminal",0,2018,NULL,8,"2023-06-06 14:30:03"
83,1,"The Island Song/Bye George!/Scarecrow's New Best Friend/Double Teething Troubles","The Island Song/Bye George!/Scarecrow's New Best Friend/Double Teething Troubles",0,1999,NULL,NULL,"2023-06-06 14:30:03"
84,1,"Ernest Saves Christmas/Ernesto Salva o Natal","Ernest Saves Christmas/Ernesto Salva o Natal",0,2012,NULL,NULL,"2023-06-06 14:30:03"
85,1,"Hey miss, could you turn down the volume? Part 1","Hey miss, could you turn down the volume? Part 1",1,2012,NULL,NULL,"2023-06-06 14:30:03"
86,1,"Episode #1.16","Episode #1.16",0,2016,NULL,58,"2023-06-06 14:30:03"
87,1,"Episode dated 19 September 2016","Episode dated 19 September 2016",0,2016,NULL,NULL,"2023-06-06 14:30:03"
88,1,"Episode #1.10703","Episode #1.10703",0,2022,NULL,NULL,"2023-06-06 14:30:03"
89,2,"The Candlemaker","The Candlemaker",0,1957,NULL,13,"2023-06-06 14:30:03"
90,1,"Down on the Farm","Down on the Farm",0,NULL,NULL,NULL,"2023-06-06 14:30:03"
91,1,"Episode #7.26","Episode #7.26",0,2011,NULL,NULL,"2023-06-06 14:30:03"
92,1,"Episode #1.596","Episode #1.596",0,2014,NULL,NULL,"2023-06-06 14:30:03"
93,1,"Episode #1.2","Episode #1.2",0,2001,NULL,NULL,"2023-06-06 14:30:03"
94,4,"Sakippo 3 cm made wa sonyu sa sete kureru ane to no girigiri sokan-miman seikatsu","Sakippo 3 cm made wa sonyu sa sete kureru ane to no girigiri sokan-miman seikatsu",1,2018,NULL,125,"2023-06-06 14:30:03"
95,1,"Episode #1.23","Episode #1.23",0,2017,NULL,NULL,"2023-06-06 14:30:03"
96,1,Malakas,Malakas,0,2017,NULL,NULL,"2023-06-06 14:30:03"
97,2,"Dangerous Reef","Dangerous Reef",0,1969,NULL,23,"2023-06-06 14:30:03"
98,1,"Motståndsrörelsen under Andra Världskriget","Motståndsrörelsen under Andra Världskriget",0,2013,NULL,58,"2023-06-06 14:30:03"
99,1,"Another Top 10 Events That Made the World Stand Still","Another Top 10 Events That Made the World Stand Still",0,2018,NULL,NULL,"2023-06-06 14:30:03"
100,1,"Episode #1.1217","Episode #1.1217",0,2001,NULL,NULL,"2023-06-06 14:30:03"
101,2,"Queens at Heart","Queens at Heart",0,1967,NULL,22,"2023-06-06 14:30:03"
102,1,"Udos Zaubershow","Udos Zaubershow",0,2018,NULL,45,"2023-06-06 14:30:03"
103,3,"Maman et Eve","Maman et Eve",0,1996,NULL,54,"2023-06-06 14:30:03"
104,1,"Overstretched Services","Overstretched Services",0,2018,NULL,24,"2023-06-06 14:30:03"
105,1,"Episode #1.1","Episode #1.1",0,2006,NULL,NULL,"2023-06-06 14:30:03"
106,1,"11. mars 2014 kl. 20:55","11. mars 2014 kl. 20:55",0,2014,NULL,NULL,"2023-06-06 14:30:03"
107,1,"Episode #1.705","Episode #1.705",0,2022,NULL,NULL,"2023-06-06 14:30:03"
108,1,"Episode #1.670","Episode #1.670",0,NULL,NULL,NULL,"2023-06-06 14:30:03"
109,1,"Obscurus Valentón","Obscurus Valentón",0,2017,NULL,NULL,"2023-06-06 14:30:03"
110,1,"Episode dated 10 November 1968","Episode dated 10 November 1968",0,1968,NULL,NULL,"2023-06-06 14:30:03"
111,1,Perú,Perú,0,2007,NULL,NULL,"2023-06-06 14:30:03"
112,2,"Close to Nothing at All","Close to Nothing at All",0,2019,NULL,22,"2023-06-06 14:30:03"
113,1,"Episode dated 8 October 2015","Episode dated 8 October 2015",0,2015,NULL,NULL,"2023-06-06 14:30:03"
114,1,"Episode #1.40","Episode #1.40",0,1995,NULL,44,"2023-06-06 14:30:03"
115,1,"What Mom Had to Do, to Get Her Son Back on the Team","What Mom Had to Do, to Get Her Son Back on the Team",1,2017,NULL,NULL,"2023-06-06 14:30:03"
116,2,Hellebore,Hellebore,0,NULL,NULL,NULL,"2023-06-06 14:30:03"
117,3,"Das Tatort Geheimnis","Das Tatort Geheimnis",0,2022,NULL,90,"2023-06-06 14:30:03"
118,1,"Episode dated 22 February 2022","Episode dated 22 February 2022",0,2022,NULL,NULL,"2023-06-06 14:30:03"
119,1,"Episode #1.133","Episode #1.133",0,2016,NULL,NULL,"2023-06-06 14:30:03"
120,1,"Episode #6.23","Episode #6.23",0,2010,NULL,NULL,"2023-06-06 14:30:03"
121,1,"Episode dated 1 April 2014","Episode dated 1 April 2014",0,2014,NULL,60,"2023-06-06 14:30:03"
122,2,"Faith Over Fear: The Curse of Covid 19","Faith Over Fear: The Curse of Covid 19",0,2021,NULL,NULL,"2023-06-06 14:30:03"
123,1,"Scroll of the Demodragon","Scroll of the Demodragon",0,2017,NULL,NULL,"2023-06-06 14:30:03"
124,1,"Episode #1.137","Episode #1.137",0,1994,NULL,NULL,"2023-06-06 14:30:03"
125,1,"El Got","El Got",0,2011,NULL,NULL,"2023-06-06 14:30:03"
126,2,"Eddie Duchin & Orchestra","Eddie Duchin & Orchestra",0,1933,NULL,10,"2023-06-06 14:30:03"
127,2,"The Man Hunt","The Man Hunt",0,2016,NULL,4,"2023-06-06 14:30:03"
128,1,"Episode #1.32","Episode #1.32",0,1982,NULL,NULL,"2023-06-06 14:30:03"
129,1,"Episode #1.11","Episode #1.11",0,2015,NULL,NULL,"2023-06-06 14:30:03"
130,1,"22 June 2021: Evening Bulletin","22 June 2021: Evening Bulletin",0,2021,NULL,NULL,"2023-06-06 14:30:03"
131,3,"Terror at Baxter U","Terror at Baxter U",0,2003,NULL,86,"2023-06-06 14:30:03"
132,2,Nuh,Nuh,0,2015,NULL,NULL,"2023-06-06 14:30:03"
133,1,"The Seven: Time & Space","The Seven: Time & Space",0,2021,NULL,155,"2023-06-06 14:30:03"
134,1,"Cara Pin in Soft Shower","Cara Pin in Soft Shower",1,2019,NULL,NULL,"2023-06-06 14:30:03"
135,1,"Episode #30.43","Episode #30.43",0,2016,NULL,NULL,"2023-06-06 14:30:03"
136,1,"The Feeling Of Loss","The Feeling Of Loss",0,2019,NULL,NULL,"2023-06-06 14:30:03"
137,1,"Le complot","Le complot",0,2016,NULL,NULL,"2023-06-06 14:30:03"
138,1,"Episode #1.1","Episode #1.1",0,NULL,NULL,NULL,"2023-06-06 14:30:03"
139,1,"Episode #1.5493","Episode #1.5493",0,NULL,NULL,NULL,"2023-06-06 14:30:03"
140,3,"Encuentros de medicina Maya","Encuentros de medicina Maya",0,1987,NULL,NULL,"2023-06-06 14:30:03"
141,1,"FFG: World of iIlusion - MegaDrive (Análise)","FFG: World of iIlusion - MegaDrive (Análise)",0,2012,NULL,NULL,"2023-06-06 14:30:03"
142,2,"Praça da Sé","Praça da Sé",0,1976,NULL,NULL,"2023-06-06 14:30:03"
143,1,Tuesday,Tuesday,0,2018,NULL,NULL,"2023-06-06 14:30:03"
144,1,"Japanese Tea","Japanese Tea",0,2022,NULL,NULL,"2023-06-06 14:30:03"
145,1,"Episode #1.8","Episode #1.8",0,2014,NULL,57,"2023-06-06 14:30:03"
146,1,"Episode #6.35","Episode #6.35",0,1998,NULL,NULL,"2023-06-06 14:30:03"
147,1,"Episode #1.2133","Episode #1.2133",0,NULL,NULL,60,"2023-06-06 14:30:03"
148,4,Twisted,Twisted,1,2012,NULL,151,"2023-06-06 14:30:03"
149,2,"ILCA Documentary","ILCA Documentary",0,2022,NULL,NULL,"2023-06-06 14:30:03"
150,1,"O protevousianos","O protevousianos",0,1986,NULL,NULL,"2023-06-06 14:30:03"
151,2,"Knight of Faith","Knight of Faith",0,2012,NULL,20,"2023-06-06 14:30:03"
152,1,C'aptikwl,C'aptikwl,0,2020,NULL,NULL,"2023-06-06 14:30:03"
153,1,"Episode #1.197","Episode #1.197",0,2012,NULL,NULL,"2023-06-06 14:30:03"
154,1,"Testigo bajo coacción","Testigo bajo coacción",0,2001,NULL,30,"2023-06-06 14:30:03"
155,1,"Ausgabe 146","Ausgabe 146",0,2011,NULL,NULL,"2023-06-06 14:30:03"
156,2,"Catwoman vs. The White House","Catwoman vs. The White House",0,2022,NULL,NULL,"2023-06-06 14:30:03"
157,1,"Jale Parla","Jale Parla",0,2020,NULL,NULL,"2023-06-06 14:30:03"
158,1,"No. 79 - A Birthday Episode","No. 79 - A Birthday Episode",0,2018,NULL,NULL,"2023-06-06 14:30:03"
159,1,"Episode #1.34","Episode #1.34",0,NULL,NULL,NULL,"2023-06-06 14:30:03"
160,1,"Odcinek 3130","Odcinek 3130",0,2017,NULL,NULL,"2023-06-06 14:30:03"
161,1,"Episode dated 24 June 2011","Episode dated 24 June 2011",0,2011,NULL,NULL,"2023-06-06 14:30:03"
162,1,"Episode #1.34","Episode #1.34",0,NULL,NULL,NULL,"2023-06-06 14:30:03"
163,1,"Episode #2.4","Episode #2.4",0,2019,NULL,50,"2023-06-06 14:30:03"
164,1,"Episode #1.177","Episode #1.177",0,NULL,NULL,NULL,"2023-06-06 14:30:03"
165,2,"Al dedos frente","Al dedos frente",0,1998,NULL,6,"2023-06-06 14:30:03"
166,2,520015,520015,0,2016,NULL,11,"2023-06-06 14:30:03"
167,3,"Kurangu Manasu","Kurangu Manasu",0,2016,NULL,90,"2023-06-06 14:30:03"
168,1,"Felipe Scheadler","Felipe Scheadler",0,2017,NULL,NULL,"2023-06-06 14:30:03"
169,1,"Bubber i Vietnam","Bubber i Vietnam",0,2004,NULL,NULL,"2023-06-06 14:30:03"
170,1,"The revelation","The revelation",0,2020,NULL,NULL,"2023-06-06 14:30:03"
171,6,"Haapoja Pariisissa","Haapoja Pariisissa",0,2000,NULL,30,"2023-06-06 14:30:03"
172,1,"18. mai 2015 kl. 20:55","18. mai 2015 kl. 20:55",0,2015,NULL,NULL,"2023-06-06 14:30:03"
173,1,"LOVE at FIRST SIGHT","LOVE at FIRST SIGHT",0,2017,NULL,NULL,"2023-06-06 14:30:03"
174,1,"Mother's Day Brunch","Mother's Day Brunch",0,2022,NULL,NULL,"2023-06-06 14:30:03"
175,1,"Episode #1.9","Episode #1.9",0,2002,NULL,NULL,"2023-06-06 14:30:03"
176,1,"Episode #8.10","Episode #8.10",0,NULL,NULL,NULL,"2023-06-06 14:30:03"
177,1,"Episode dated 29 November 2004","Episode dated 29 November 2004",0,2004,NULL,NULL,"2023-06-06 14:30:03"
178,1,"Episode #1.112","Episode #1.112",0,1991,NULL,NULL,"2023-06-06 14:30:03"
179,1,"Episode #9.90","Episode #9.90",0,NULL,NULL,60,"2023-06-06 14:30:03"
180,1,"Episode #1.1","Episode #1.1",0,2017,NULL,NULL,"2023-06-06 14:30:03"
181,1,"In Casa Emergency, Call 911","In Casa Emergency, Call 911",0,1995,NULL,NULL,"2023-06-06 14:30:03"
182,1,"Week 6: The Results","Week 6: The Results",0,2007,NULL,NULL,"2023-06-06 14:30:03"
183,1,"Episode #1.273","Episode #1.273",0,NULL,NULL,NULL,"2023-06-06 14:30:03"
184,2,Sorry,Sorry,0,2022,NULL,NULL,"2023-06-06 14:30:03"
185,2,"We Are Family","We Are Family",0,2012,NULL,27,"2023-06-06 14:30:03"
186,1,"Episode #1.4630","Episode #1.4630",0,NULL,NULL,60,"2023-06-06 14:30:03"
187,5,"Gina D's Kids Club","Gina D's Kids Club",0,2004,2011,28,"2023-06-06 14:30:03"
188,1,"Episode dated 4 July 2003","Episode dated 4 July 2003",0,2003,NULL,NULL,"2023-06-06 14:30:03"
189,1,"The Great Train Robbery (1903)","The Great Train Robbery (1903)",0,2018,NULL,4,"2023-06-06 14:30:03"
190,1,"BIGGEST GAMING DISAPPOINTMENTS (Gamer Nation)","BIGGEST GAMING DISAPPOINTMENTS (Gamer Nation)",0,2012,NULL,NULL,"2023-06-06 14:30:03"
191,2,"Play it again, Beaver","Play it again, Beaver",0,2017,NULL,NULL,"2023-06-06 14:30:03"
192,1,"Bon racing Multiplayer (Lets Play) part 1","Bon racing Multiplayer (Lets Play) part 1",0,2021,NULL,NULL,"2023-06-06 14:30:03"
193,1,"Episode dated 18 October 2016","Episode dated 18 October 2016",0,2016,NULL,NULL,"2023-06-06 14:30:03"
194,3,"Hasiru Thorana","Hasiru Thorana",0,1970,NULL,150,"2023-06-06 14:30:03"
195,4,2012,2012,0,2011,NULL,NULL,"2023-06-06 14:30:03"
196,1,"Tiffany Haddish/Jay Hernandez/Tori Kelly","Tiffany Haddish/Jay Hernandez/Tori Kelly",0,2018,NULL,39,"2023-06-06 14:30:03"
197,1,"N°1319 Michel Mandeau","N°1319 Michel Mandeau",0,1990,NULL,NULL,"2023-06-06 14:30:03"
198,1,"Beetlemania/Robo Kid","Beetlemania/Robo Kid",0,2021,NULL,NULL,"2023-06-06 14:30:03"
199,2,Madhouse,Madhouse,0,2018,NULL,2,"2023-06-06 14:30:03"
200,1,"Pass Around Ass","Pass Around Ass",1,2016,NULL,NULL,"2023-06-06 14:30:03"
201,1,"CMT #1 Music & a Movie: My Cousin Vinny","CMT #1 Music & a Movie: My Cousin Vinny",0,2011,NULL,NULL,"2023-06-06 14:30:03"
202,1,"Episode #1.58","Episode #1.58",0,1962,NULL,NULL,"2023-06-06 14:30:03"
203,1,"Episode #1.4814","Episode #1.4814",0,NULL,NULL,60,"2023-06-06 14:30:03"
204,1,"Episode #1.16","Episode #1.16",0,2021,NULL,NULL,"2023-06-06 14:30:03"
205,3,"A Parada da Legião Portuguesa","A Parada da Legião Portuguesa",0,1937,NULL,NULL,"2023-06-06 14:30:03"
206,1,"Whitney Morgan and Nyxon.. The Christmas Visitor","Whitney Morgan and Nyxon.. The Christmas Visitor",1,2016,NULL,NULL,"2023-06-06 14:30:03"
207,1,"Out For Revenge (Part One)","Out For Revenge (Part One)",0,2021,NULL,NULL,"2023-06-06 14:30:03"
208,1,"Episode #1.263","Episode #1.263",0,2012,NULL,NULL,"2023-06-06 14:30:03"
209,1,"Angelina and the Musical Plant/Angelina's Hip Hop Boys Show","Angelina and the Musical Plant/Angelina's Hip Hop Boys Show",0,2010,NULL,NULL,"2023-06-06 14:30:03"
210,9,"Shougi 2","Shougi 2",0,1982,NULL,NULL,"2023-06-06 14:30:03"
211,1,"Episode dated 14 December 2010","Episode dated 14 December 2010",0,2010,NULL,NULL,"2023-06-06 14:30:03"
212,1,"Episode #1.580","Episode #1.580",0,2016,NULL,NULL,"2023-06-06 14:30:03"
213,1,"Heightmare/Be Like Tufflips","Heightmare/Be Like Tufflips",0,2013,NULL,23,"2023-06-06 14:30:03"
214,1,"Episode #1.3841","Episode #1.3841",0,1980,NULL,NULL,"2023-06-06 14:30:03"
215,1,"Actors Words, Writers Voice","Actors Words, Writers Voice",0,2008,NULL,NULL,"2023-06-06 14:30:03"
216,1,"Episode #1.238","Episode #1.238",0,2016,NULL,NULL,"2023-06-06 14:30:03"
217,1,"Vrijheid, blijheid","Vrijheid, blijheid",0,2000,NULL,NULL,"2023-06-06 14:30:03"
218,1,"Episode #1.695","Episode #1.695",0,NULL,NULL,NULL,"2023-06-06 14:30:03"
219,1,"Episode #1.24","Episode #1.24",0,NULL,NULL,NULL,"2023-06-06 14:30:03"
220,1,"I'll Prove My Mom's Fiance Is a Cheater!","I'll Prove My Mom's Fiance Is a Cheater!",0,2011,NULL,NULL,"2023-06-06 14:30:03"
221,1,"Famous Generals: Patton","Famous Generals: Patton",0,2006,NULL,NULL,"2023-06-06 14:30:03"
222,1,"Episode #1.292","Episode #1.292",0,NULL,NULL,NULL,"2023-06-06 14:30:03"
223,1,"We Recreate Desperado in Gmod TTT","We Recreate Desperado in Gmod TTT",0,2020,NULL,15,"2023-06-06 14:30:03"
224,1,"Episode #44.3","Episode #44.3",0,2010,NULL,NULL,"2023-06-06 14:30:03"
225,1,"Episode #5.175","Episode #5.175",0,1997,NULL,NULL,"2023-06-06 14:30:03"
226,1,"Episode #1.48","Episode #1.48",0,NULL,NULL,NULL,"2023-06-06 14:30:03"
227,1,"Episode dated 11 June 2020","Episode dated 11 June 2020",0,2020,NULL,NULL,"2023-06-06 14:30:03"
228,2,"Monsieur Noir und die Monster aus dem Keller","Monsieur Noir und die Monster aus dem Keller",0,2009,NULL,9,"2023-06-06 14:30:03"
229,1,"Episode #1.2930","Episode #1.2930",0,NULL,NULL,60,"2023-06-06 14:30:03"
230,1,"Episode #1.194","Episode #1.194",0,2022,NULL,NULL,"2023-06-06 14:30:03"
231,1,"Episode dated 14 June 2013","Episode dated 14 June 2013",0,2013,NULL,NULL,"2023-06-06 14:30:03"
232,2,"El paso de los Pirineos","El paso de los Pirineos",0,2019,NULL,22,"2023-06-06 14:30:03"
233,5,"I Am Me","I Am Me",0,2020,2020,NULL,"2023-06-06 14:30:03"
234,4,"The Devil's Hand: An Interview with Alfredo Zacharias","The Devil's Hand: An Interview with Alfredo Zacharias",0,2015,NULL,15,"2023-06-06 14:30:03"
235,6,"Michael Marra: All Will Be Well","Michael Marra: All Will Be Well",0,2012,NULL,30,"2023-06-06 14:30:03"
236,1,"Vittorio Emanuele II di Savoia","Vittorio Emanuele II di Savoia",0,2020,NULL,NULL,"2023-06-06 14:30:03"
237,1,"Episode #4.66","Episode #4.66",0,1967,NULL,NULL,"2023-06-06 14:30:03"
238,1,"Episode #11.23","Episode #11.23",0,2000,NULL,50,"2023-06-06 14:30:03"
239,3,"Life in a Day 2020","Life in a Day 2020",0,2021,NULL,90,"2023-06-06 14:30:03"
240,1,"Episode #1.91","Episode #1.91",0,2014,NULL,NULL,"2023-06-06 14:30:03"
241,2,"Dick and Daisy","Dick and Daisy",0,1912,NULL,11,"2023-06-06 14:30:03"
242,1,"Episode #1.13","Episode #1.13",0,1991,NULL,44,"2023-06-06 14:30:03"
243,1,"Episode #3.25","Episode #3.25",0,2007,NULL,NULL,"2023-06-06 14:30:03"
244,1,"Episode #1.814","Episode #1.814",0,2012,NULL,NULL,"2023-06-06 14:30:03"
245,1,"Episode #8.35","Episode #8.35",0,1996,NULL,NULL,"2023-06-06 14:30:03"
246,1,"2019: Day 7, Part 4","2019: Day 7, Part 4",0,2019,NULL,NULL,"2023-06-06 14:30:03"
247,1,"Folge 1297","Folge 1297",0,1990,NULL,NULL,"2023-06-06 14:30:03"
248,1,"Episode #3.19","Episode #3.19",0,1992,NULL,NULL,"2023-06-06 14:30:03"
249,1,"Norbert Blüm","Norbert Blüm",0,1988,NULL,NULL,"2023-06-06 14:30:03"
250,1,"Episode #1.42","Episode #1.42",0,1997,NULL,NULL,"2023-06-06 14:30:03"
251,1,"Episode #1.8","Episode #1.8",0,1990,NULL,NULL,"2023-06-06 14:30:03"
252,1,"Master-sei no Nazo","Master-sei no Nazo",0,1987,NULL,23,"2023-06-06 14:30:03"
253,1,"Episode #1.59","Episode #1.59",0,2010,NULL,NULL,"2023-06-06 14:30:03"
254,8,"Lebbis: W2P: Welcome to Paradise","Lebbis: W2P: Welcome to Paradise",0,2005,NULL,100,"2023-06-06 14:30:03"
255,1,"Sina Trinkwalder, Sozialunternehmerin aus Augsburg","Sina Trinkwalder, Sozialunternehmerin aus Augsburg",0,2019,NULL,NULL,"2023-06-06 14:30:03"
256,1,"Episode #1.35","Episode #1.35",0,2019,NULL,NULL,"2023-06-06 14:30:03"
257,1,"Episode #1.311","Episode #1.311",0,NULL,NULL,NULL,"2023-06-06 14:30:03"
258,1,"Episode #1.189","Episode #1.189",0,NULL,NULL,NULL,"2023-06-06 14:30:03"
259,1,"Blood Red Sun","Blood Red Sun",0,2014,NULL,44,"2023-06-06 14:30:03"
260,2,Odnos,Odnos,0,2012,NULL,6,"2023-06-06 14:30:03"
261,3,"Troells troldspejl","Troells troldspejl",0,2008,NULL,58,"2023-06-06 14:30:03"
262,1,"Episode dated 28 August 1997","Episode dated 28 August 1997",0,1997,NULL,NULL,"2023-06-06 14:30:03"
263,4,"Why did the U.S. Lock Up These Women with Men?","Why did the U.S. Lock Up These Women with Men?",0,2014,NULL,NULL,"2023-06-06 14:30:03"
264,1,"Episode #1.64","Episode #1.64",0,NULL,NULL,NULL,"2023-06-06 14:30:03"
265,1,"How to Get Seo Optimized On Youtube - (TubeBuddy Tutorial 2016)","How to Get Seo Optimized On Youtube - (TubeBuddy Tutorial 2016)",0,2016,NULL,NULL,"2023-06-06 14:30:03"
266,1,"Episode #1.37","Episode #1.37",0,2007,NULL,NULL,"2023-06-06 14:30:03"
267,1,"Episode dated 22 April 2003","Episode dated 22 April 2003",0,2003,NULL,NULL,"2023-06-06 14:30:03"
268,1,"Episode #1.14","Episode #1.14",0,1983,NULL,NULL,"2023-06-06 14:30:03"
269,1,"Episode dated 15 May 1999","Episode dated 15 May 1999",0,1999,NULL,NULL,"2023-06-06 14:30:03"
270,1,"American Gods - Official Trailer REACTION!!","American Gods - Official Trailer REACTION!!",0,2017,NULL,5,"2023-06-06 14:30:03"
271,2,"The Virus","The Virus",0,2019,NULL,13,"2023-06-06 14:30:03"
272,5,Topfgeldjäger,Topfgeldjäger,0,2010,NULL,55,"2023-06-06 14:30:03"
273,3,"The Dentist 3: New Legacy","The Dentist 3: New Legacy",0,NULL,NULL,NULL,"2023-06-06 14:30:03"
274,1,"Episode #1.75","Episode #1.75",0,NULL,NULL,NULL,"2023-06-06 14:30:03"
275,1,"Episode #2.26","Episode #2.26",0,1952,NULL,NULL,"2023-06-06 14:30:03"
276,1,"Dahlia Lithwick","Dahlia Lithwick",0,2014,NULL,32,"2023-06-06 14:30:03"
277,2,"Le livre de minuit","Le livre de minuit",0,1996,NULL,17,"2023-06-06 14:30:03"
278,1,"Episode #1.109","Episode #1.109",0,1982,NULL,22,"2023-06-06 14:30:03"
279,1,"Episode #1.172","Episode #1.172",0,NULL,NULL,NULL,"2023-06-06 14:30:03"
280,1,"Corporate Ladder","Corporate Ladder",0,2009,NULL,NULL,"2023-06-06 14:30:03"
281,1,"Episode dated 19 June 1999","Episode dated 19 June 1999",0,1999,NULL,NULL,"2023-06-06 14:30:03"
282,1,"The Bean BOOZLED Challenge WITH MY MOMMY!","The Bean BOOZLED Challenge WITH MY MOMMY!",0,2020,NULL,NULL,"2023-06-06 14:30:03"
283,1,"Episode #1.8","Episode #1.8",0,1972,NULL,60,"2023-06-06 14:30:03"
284,1,"Scrambled Eggs","Scrambled Eggs",0,2022,NULL,NULL,"2023-06-06 14:30:03"
285,2,"The Children","The Children",0,2015,NULL,NULL,"2023-06-06 14:30:03"
286,1,"Keri vs. Jason vs. Isa","Keri vs. Jason vs. Isa",0,NULL,NULL,NULL,"2023-06-06 14:30:03"
287,1,"Episode #1.4815","Episode #1.4815",0,2012,NULL,NULL,"2023-06-06 14:30:03"
288,1,Zahlenspiele,Zahlenspiele,0,2017,NULL,NULL,"2023-06-06 14:30:03"
289,1,"Episode #1.609","Episode #1.609",0,NULL,NULL,NULL,"2023-06-06 14:30:03"
290,1,"Episode #1.5575","Episode #1.5575",0,NULL,NULL,60,"2023-06-06 14:30:03"
291,1,"La justice","La justice",0,2020,NULL,26,"2023-06-06 14:30:03"
292,1,"Episode #1.138","Episode #1.138",0,NULL,NULL,NULL,"2023-06-06 14:30:03"
293,1,"Episode #1.47","Episode #1.47",0,1999,NULL,44,"2023-06-06 14:30:03"
294,1,"Episode #1.138","Episode #1.138",0,2010,NULL,NULL,"2023-06-06 14:30:03"
295,1,"SpaceX historique, figures de l'ombre et horizon martien","SpaceX historique, figures de l'ombre et horizon martien",0,2017,NULL,NULL,"2023-06-06 14:30:03"
296,1,"Episode #1.205","Episode #1.205",0,2022,NULL,NULL,"2023-06-06 14:30:03"
297,2,"Technika deleného obrazu","Technika deleného obrazu",0,2019,NULL,3,"2023-06-06 14:30:03"
298,3,G,G,0,2002,NULL,97,"2023-06-06 14:30:03"
299,1,"Die leere Wiege","Die leere Wiege",0,1990,NULL,43,"2023-06-06 14:30:03"
300,1,"Episode dated 18 May 1978","Episode dated 18 May 1978",0,1978,NULL,NULL,"2023-06-06 14:30:03"
301,1,"Episode dated 11 April 2011","Episode dated 11 April 2011",0,2011,NULL,NULL,"2023-06-06 14:30:03"
302,1,"Michael Schlesinger on In the Heat of the Night","Michael Schlesinger on In the Heat of the Night",0,2018,NULL,NULL,"2023-06-06 14:30:03"
303,1,"Episode 40","Episode 40",0,2022,NULL,NULL,"2023-06-06 14:30:03"
304,3,Juliano,Juliano,0,2014,NULL,55,"2023-06-06 14:30:03"
305,1,"Episode #1.166","Episode #1.166",0,NULL,NULL,NULL,"2023-06-06 14:30:03"
306,1,"Episode #1.101","Episode #1.101",0,NULL,NULL,NULL,"2023-06-06 14:30:03"
307,3,"Lina Bo Bardi","Lina Bo Bardi",0,1993,NULL,NULL,"2023-06-06 14:30:03"
308,1,"Andreanna & Kiki - Babysitter Fun","Andreanna & Kiki - Babysitter Fun",1,2017,NULL,28,"2023-06-06 14:30:03"
309,1,"Episode #1.413","Episode #1.413",0,1974,NULL,NULL,"2023-06-06 14:30:03"
310,2,"After the Wind","After the Wind",0,NULL,NULL,14,"2023-06-06 14:30:03"
311,1,"Episode dated 24 May 2020","Episode dated 24 May 2020",0,2020,NULL,240,"2023-06-06 14:30:03"
312,1,"Episode #1.7114","Episode #1.7114",0,2019,NULL,NULL,"2023-06-06 14:30:03"
313,1,"More Life with special guest Molly from 90 Day The Single Life","More Life with special guest Molly from 90 Day The Single Life",0,2021,NULL,NULL,"2023-06-06 14:30:03"
314,4,"Babe in the Reeds: A Story of Massacres and Resilience","Babe in the Reeds: A Story of Massacres and Resilience",0,2014,NULL,16,"2023-06-06 14:30:03"
315,5,"Professor Dave Explains","Professor Dave Explains",0,2015,NULL,NULL,"2023-06-06 14:30:03"
316,1,Yilmaz,Yilmaz,0,2019,NULL,NULL,"2023-06-06 14:30:03"
317,1,"Episode #1.691","Episode #1.691",0,1954,NULL,120,"2023-06-06 14:30:03"
318,2,"CEO Fly T.I.G - My Mixtapez Interview Part Two","CEO Fly T.I.G - My Mixtapez Interview Part Two",0,2017,NULL,NULL,"2023-06-06 14:30:03"
319,1,"Episode dated 30 March 2012","Episode dated 30 March 2012",0,2012,NULL,NULL,"2023-06-06 14:30:03"
320,1,"Episode #1.218","Episode #1.218",0,2018,NULL,NULL,"2023-06-06 14:30:03"
321,1,"3. okt. 2017 kl. 18:45","3. okt. 2017 kl. 18:45",0,2017,NULL,NULL,"2023-06-06 14:30:03"
322,1,"Jezzabelle's First Video","Jezzabelle's First Video",1,2016,NULL,NULL,"2023-06-06 14:30:03"
323,1,"Episode dated 28 April 1989","Episode dated 28 April 1989",0,1989,NULL,NULL,"2023-06-06 14:30:03"
324,1,"Episode #5.203","Episode #5.203",0,1981,NULL,NULL,"2023-06-06 14:30:03"
325,1,"In the Evil Days: Part 3","In the Evil Days: Part 3",0,2012,NULL,11,"2023-06-06 14:30:03"
326,1,"Episode dated 12 April 2017","Episode dated 12 April 2017",0,2017,NULL,NULL,"2023-06-06 14:30:03"
327,1,"Episode #1.3114","Episode #1.3114",0,NULL,NULL,21,"2023-06-06 14:30:03"
328,1,"Episode #1.20","Episode #1.20",0,NULL,NULL,NULL,"2023-06-06 14:30:03"
329,3,"Untitled Christmas Movie","Untitled Christmas Movie",0,NULL,NULL,NULL,"2023-06-06 14:30:03"
330,1,"Episode dated 19 March 2018","Episode dated 19 March 2018",0,2018,NULL,NULL,"2023-06-06 14:30:03"
331,4,"Ghost Fucker","Ghost Fucker",1,2013,NULL,6,"2023-06-06 14:30:03"
332,1,"Boys Night Out","Boys Night Out",0,2010,NULL,NULL,"2023-06-06 14:30:03"
333,1,"Les cactus: un sujet épineux","Les cactus: un sujet épineux",0,2006,NULL,NULL,"2023-06-06 14:30:03"
334,4,"2020 Central Florida Sketch Comedy Festival","2020 Central Florida Sketch Comedy Festival",0,2020,NULL,180,"2023-06-06 14:30:03"
335,1,"Alex Cross","Alex Cross",0,2012,NULL,NULL,"2023-06-06 14:30:03"
336,3,"Song for Itself","Song for Itself",0,2003,NULL,110,"2023-06-06 14:30:03"
337,1,"Guess Who?/Sleepless Sleepover","Guess Who?/Sleepless Sleepover",0,2017,NULL,26,"2023-06-06 14:30:03"
338,1,"House Cleaning vs. Short-Term Rental Cleaning with Jasper Ribbers","House Cleaning vs. Short-Term Rental Cleaning with Jasper Ribbers",0,2020,NULL,NULL,"2023-06-06 14:30:03"
339,1,"Episode #1.394","Episode #1.394",0,2015,NULL,NULL,"2023-06-06 14:30:03"
340,1,"You Sit on Your Hands, You Go Out of Business","You Sit on Your Hands, You Go Out of Business",0,2017,NULL,40,"2023-06-06 14:30:03"
341,3,"Quelli belli... siamo noi","Quelli belli... siamo noi",0,1971,NULL,87,"2023-06-06 14:30:03"
342,1,"Treatment 6","Treatment 6",0,2010,NULL,NULL,"2023-06-06 14:30:03"
343,5,"Lua Cheia de Amor","Lua Cheia de Amor",0,1990,NULL,NULL,"2023-06-06 14:30:03"
344,1,"Episode #2.133","Episode #2.133",0,NULL,NULL,NULL,"2023-06-06 14:30:03"
345,1,Ripe,Ripe,1,2008,NULL,NULL,"2023-06-06 14:30:03"
346,1,"Episode #1.62","Episode #1.62",0,2004,NULL,NULL,"2023-06-06 14:30:03"
347,2,"The Magpie","The Magpie",0,2020,NULL,9,"2023-06-06 14:30:03"
348,1,"Episode dated 1 August 2011","Episode dated 1 August 2011",0,2011,NULL,NULL,"2023-06-06 14:30:03"
349,1,"Episode #1.645","Episode #1.645",0,NULL,NULL,60,"2023-06-06 14:30:03"
350,1,"Episode dated 21 November 1970","Episode dated 21 November 1970",0,1970,NULL,NULL,"2023-06-06 14:30:03"
351,1,"Episode #1.149","Episode #1.149",0,2008,NULL,NULL,"2023-06-06 14:30:03"
352,4,"Valley of the Shadows","Valley of the Shadows",0,2021,NULL,8,"2023-06-06 14:30:03"
353,1,"Episode #2.74","Episode #2.74",0,2018,NULL,NULL,"2023-06-06 14:30:03"
354,1,"Episode #1.70","Episode #1.70",0,1987,NULL,22,"2023-06-06 14:30:03"
355,1,"Jonathan Santillan Trial: Day 1, Part 4","Jonathan Santillan Trial: Day 1, Part 4",0,2015,NULL,NULL,"2023-06-06 14:30:03"
356,8,"MTV 80s - Top 50 Boys vs Girls of the 80s!","MTV 80s - Top 50 Boys vs Girls of the 80s!",0,2020,NULL,260,"2023-06-06 14:30:03"
357,1,Bastila,Bastila,0,2015,NULL,NULL,"2023-06-06 14:30:03"
358,1,"Episode #1.18","Episode #1.18",0,NULL,NULL,NULL,"2023-06-06 14:30:03"
359,1,"2. aug. 2018 kl. 18:50","2. aug. 2018 kl. 18:50",0,2018,NULL,NULL,"2023-06-06 14:30:03"
360,5,"El baño","El baño",0,2003,NULL,NULL,"2023-06-06 14:30:03"
361,2,Margot,Margot,0,2017,NULL,12,"2023-06-06 14:30:03"
362,1,"Episode #1.1489","Episode #1.1489",0,1994,NULL,28,"2023-06-06 14:30:03"
363,1,"Episode dated 22 February 2001","Episode dated 22 February 2001",0,2001,NULL,NULL,"2023-06-06 14:30:03"
364,1,"We Don't Talk About Bruno!","We Don't Talk About Bruno!",0,2022,NULL,NULL,"2023-06-06 14:30:03"
365,1,"14K Poll Time! YOU Choose our New Reaction Show!!","14K Poll Time! YOU Choose our New Reaction Show!!",0,2017,NULL,4,"2023-06-06 14:30:03"
366,1,"Episode #1.27","Episode #1.27",0,2007,NULL,NULL,"2023-06-06 14:30:03"
367,1,"Episode #8.63","Episode #8.63",0,1965,NULL,25,"2023-06-06 14:30:03"
368,1,"29. juni 2012","29. juni 2012",0,2012,NULL,NULL,"2023-06-06 14:30:03"
369,3,"Liebe und Leben, 1. Teil - Die Seele des Kindes","Liebe und Leben, 1. Teil - Die Seele des Kindes",0,1918,NULL,NULL,"2023-06-06 14:30:03"
370,1,"Jay's Duesenberg Pt 3","Jay's Duesenberg Pt 3",0,2008,NULL,NULL,"2023-06-06 14:30:03"
371,1,"13. mai 2015","13. mai 2015",0,2015,NULL,NULL,"2023-06-06 14:30:03"
372,2,Casting,Casting,0,2017,NULL,39,"2023-06-06 14:30:03"
373,3,"Saving Christmas","Saving Christmas",0,2021,NULL,101,"2023-06-06 14:30:03"
374,1,"Second Half Quarterfinal Round 3: DePaoli vs. Fluker/Wojchiechowski vs. Perry","Second Half Quarterfinal Round 3: DePaoli vs. Fluker/Wojchiechowski vs. Perry",0,1993,NULL,NULL,"2023-06-06 14:30:03"
375,1,"El primer año (Parte II)","El primer año (Parte II)",0,2021,NULL,45,"2023-06-06 14:30:03"
376,1,"Episode #1.4","Episode #1.4",0,2007,NULL,NULL,"2023-06-06 14:30:03"
377,1,"Grizzle While You Work","Grizzle While You Work",0,2006,NULL,30,"2023-06-06 14:30:03"
378,3,Span,Span,0,NULL,NULL,NULL,"2023-06-06 14:30:03"
379,1,"Denzel Washington, Randy Newman, Jack Black, Ryan Shoulders & New York Philharmonic","Denzel Washington, Randy Newman, Jack Black, Ryan Shoulders & New York Philharmonic",0,2003,NULL,NULL,"2023-06-06 14:30:03"
380,1,"Episode #1.3937","Episode #1.3937",0,1981,NULL,NULL,"2023-06-06 14:30:03"
381,1,"Don't Lie in Church","Don't Lie in Church",0,2006,NULL,NULL,"2023-06-06 14:30:03"
382,2,"Delfina provisorio","Delfina provisorio",0,2003,NULL,NULL,"2023-06-06 14:30:03"
383,1,"Episode #15.16","Episode #15.16",0,2015,NULL,NULL,"2023-06-06 14:30:03"
384,1,"The Taj Mahal and the Golden Age of Islam","The Taj Mahal and the Golden Age of Islam",0,2021,NULL,NULL,"2023-06-06 14:30:03"
385,1,"Neel Questions Manjari, Dr. Abhimanyu","Neel Questions Manjari, Dr. Abhimanyu",0,NULL,NULL,NULL,"2023-06-06 14:30:03"
386,2,"Inside Kabul","Inside Kaboul",0,2023,NULL,30,"2023-06-06 14:30:03"
387,1,"Episode dated 9 June 1976","Episode dated 9 June 1976",0,1976,NULL,NULL,"2023-06-06 14:30:03"
388,2,Voisinages,Voisinages,0,1996,NULL,NULL,"2023-06-06 14:30:03"
389,1,"The Obi-Wan Cast Chat About Obi-Wan, Reva's Intentions Are Revealed, and More!","The Obi-Wan Cast Chat About Obi-Wan, Reva's Intentions Are Revealed, and More!",0,2022,NULL,NULL,"2023-06-06 14:30:03"
390,2,"Think and Live","Think and Live",0,NULL,NULL,NULL,"2023-06-06 14:30:03"
391,1,"Leader of the Pack","Leader of the Pack",0,1992,NULL,22,"2023-06-06 14:30:03"
392,1,"Episode dated 22 September 1987","Episode dated 22 September 1987",0,1987,NULL,NULL,"2023-06-06 14:30:03"
393,1,"Zu voreilig","Zu voreilig",0,2010,NULL,NULL,"2023-06-06 14:30:03"
394,3,"Earthquake '68: Gente Di Gibellina","Earthquake '68: Gente Di Gibellina",0,2008,NULL,98,"2023-06-06 14:30:03"
395,6,"Heroes de Carne y Hueso","Heroes de Carne y Hueso",0,2014,NULL,NULL,"2023-06-06 14:30:03"
396,2,"Dutch's Last Mission","Dutch's Last Mission",0,2015,NULL,5,"2023-06-06 14:30:03"
397,2,"Opération Coucou","Opération Coucou",0,2002,NULL,NULL,"2023-06-06 14:30:03"
398,2,"Being a Man","Being a Man",0,2016,NULL,4,"2023-06-06 14:30:03"
399,1,"Meet the Candlelight Dinner","Meet the Candlelight Dinner",0,2010,NULL,22,"2023-06-06 14:30:03"
400,1,"Screen Junkies News Episode 012","Screen Junkies News Episode 012",0,2017,NULL,NULL,"2023-06-06 14:30:03"
401,1,"Episode #1.12","Episode #1.12",0,1949,NULL,NULL,"2023-06-06 14:30:03"
402,1,"Episode dated 9 August 1968","Episode dated 9 August 1968",0,1968,NULL,NULL,"2023-06-06 14:30:03"
403,1,"Episode #1.30","Episode #1.30",0,2000,NULL,NULL,"2023-06-06 14:30:03"
404,6,"Angelika schafft Ordnung","Angelika schafft Ordnung",0,1967,NULL,106,"2023-06-06 14:30:03"
405,3,"The Radical","The Radical",0,2022,NULL,90,"2023-06-06 14:30:03"
406,4,"The Price of Love 2: Life Is Beautiful","The Price of Love 2: Life Is Beautiful",0,2005,NULL,NULL,"2023-06-06 14:30:03"
407,1,"Episode #1.254","Episode #1.254",0,1967,NULL,NULL,"2023-06-06 14:30:03"
408,1,"A Legion of Devils","A Legion of Devils",0,2018,NULL,48,"2023-06-06 14:30:03"
409,1,"Episode #1.7","Episode #1.7",0,2011,NULL,NULL,"2023-06-06 14:30:03"
410,1,"Don Severo","Don Severo",0,1966,NULL,120,"2023-06-06 14:30:03"
411,1,"Le retour de Djamel","Le retour de Djamel",0,1996,NULL,NULL,"2023-06-06 14:30:03"
412,1,"Episode #1.2571","Episode #1.2571",0,NULL,NULL,NULL,"2023-06-06 14:30:03"
413,1,"Episode #1.48","Episode #1.48",0,2000,NULL,22,"2023-06-06 14:30:03"
414,1,"Brunch That Does a Body Good","Brunch That Does a Body Good",0,2011,NULL,NULL,"2023-06-06 14:30:03"
415,4,"Romancing the Stone: Michael Douglas Remembers","Romancing the Stone: Michael Douglas Remembers",0,2006,NULL,3,"2023-06-06 14:30:03"
416,1,"Episode #1.6265","Episode #1.6265",0,1990,NULL,NULL,"2023-06-06 14:30:03"
417,1,"Episode #8.38","Episode #8.38",0,NULL,NULL,NULL,"2023-06-06 14:30:03"
418,4,"The Politics of Love in Black and White","The Politics of Love in Black and White",0,1993,NULL,33,"2023-06-06 14:30:03"
419,1,"Episode 2540","Episode 2540",0,2003,NULL,NULL,"2023-06-06 14:30:03"
420,1,"On the Couch with Melinda Janiszewski","On the Couch with Melinda Janiszewski",0,2019,NULL,NULL,"2023-06-06 14:30:03"
421,2,4:9,4:9,0,2016,NULL,NULL,"2023-06-06 14:30:03"
422,2,"One More Round","Gira ancora",0,2020,NULL,22,"2023-06-06 14:30:03"
423,2,Reciprocity,Reciprocity,0,2010,NULL,3,"2023-06-06 14:30:03"
424,1,"Styles of Acting","Styles of Acting",0,2017,NULL,NULL,"2023-06-06 14:30:03"
425,1,"Take Insomnicas Rights Away...","Take Insomnicas Rights Away...",0,2019,NULL,NULL,"2023-06-06 14:30:03"
426,1,"Episode dated 2 May 2016","Episode dated 2 May 2016",0,2016,NULL,NULL,"2023-06-06 14:30:03"
427,1,"Episode #1.320","Episode #1.320",0,2009,NULL,NULL,"2023-06-06 14:30:03"
428,1,Deportes,Deportes,0,2017,NULL,NULL,"2023-06-06 14:30:03"
429,1,"Creed of Slaves","Creed of Slaves",0,1977,NULL,NULL,"2023-06-06 14:30:03"
430,1,"Episode #1.476","Episode #1.476",0,2012,NULL,NULL,"2023-06-06 14:30:03"
431,1,"Episode #10.81","Episode #10.81",0,NULL,NULL,NULL,"2023-06-06 14:30:03"
432,1,"Gameplay Hints Mania (Pikmin 3, CoD: Ghosts, ACIV, Batman: AO, DKC:TF)","Gameplay Hints Mania (Pikmin 3, CoD: Ghosts, ACIV, Batman: AO, DKC:TF)",0,NULL,NULL,NULL,"2023-06-06 14:30:03"
433,2,"Roulez Relax","Roulez Relax",0,1998,NULL,25,"2023-06-06 14:30:03"
434,2,"My Beautiful Bride","My Beautiful Bride",0,2016,NULL,9,"2023-06-06 14:30:03"
435,1,"Episode #1.33","Episode #1.33",0,2019,NULL,NULL,"2023-06-06 14:30:03"
436,1,"Hits Achievement City","Hits Achievement City",0,2019,NULL,NULL,"2023-06-06 14:30:03"
437,1,"Episode #1.7806","Episode #1.7806",0,2018,NULL,19,"2023-06-06 14:30:03"
438,1,"Episode #1.1208","Episode #1.1208",0,NULL,NULL,NULL,"2023-06-06 14:30:03"
439,4,"Devora: Body Bag","Devora: Body Bag",0,2021,NULL,3,"2023-06-06 14:30:03"
440,1,"Kids React to Avengers","Kids React to Avengers",0,2012,NULL,NULL,"2023-06-06 14:30:03"
441,1,"5. des. 2012 kl. 18:40","5. des. 2012 kl. 18:40",0,2012,NULL,NULL,"2023-06-06 14:30:03"
442,3,"Master Samurai","Master Samurai",0,1974,NULL,91,"2023-06-06 14:30:03"
443,1,"Episode #19.4","Episode #19.4",0,2008,NULL,NULL,"2023-06-06 14:30:03"
444,2,"Beneficio de Gaona","Beneficio de Gaona",0,1908,NULL,NULL,"2023-06-06 14:30:03"
445,1,"Episode dated 18 February 2011","Episode dated 18 February 2011",0,2011,NULL,NULL,"2023-06-06 14:30:03"
446,1,"Wieziemy blondyne do Zakopanego","Wieziemy blondyne do Zakopanego",1,2004,NULL,19,"2023-06-06 14:30:03"
447,1,"A Rare Collection","A Rare Collection",0,2019,NULL,NULL,"2023-06-06 14:30:03"
448,1,"Food Miles","Food Miles",0,2008,NULL,NULL,"2023-06-06 14:30:03"
449,2,"For You, My Love","For You, My Love",0,2018,NULL,14,"2023-06-06 14:30:03"
450,1,"Spreader Bar Bondage Orgasms","Spreader Bar Bondage Orgasms",1,2018,NULL,NULL,"2023-06-06 14:30:03"
451,1,"Ep 104","Ep 104",0,2003,NULL,NULL,"2023-06-06 14:30:03"
452,3,"Lykkens musikanter","Lykkens musikanter",0,1962,NULL,84,"2023-06-06 14:30:03"
453,1,"Episode #1.707","Episode #1.707",0,2021,NULL,NULL,"2023-06-06 14:30:03"
454,3,"Aai Udhe Ga Amabai","Aai Udhe Ga Amabai",0,1971,NULL,NULL,"2023-06-06 14:30:03"
455,1,"Episode #22.46","Episode #22.46",0,2020,NULL,NULL,"2023-06-06 14:30:03"
456,4,"Tierra de malditos","Tierra de malditos",0,1992,NULL,90,"2023-06-06 14:30:03"
457,1,"28. juli 2016 kl. 18:45","28. juli 2016 kl. 18:45",0,2016,NULL,NULL,"2023-06-06 14:30:03"
458,1,"Anticlimax: Part 1","Anticlimax: Part 1",0,2010,NULL,NULL,"2023-06-06 14:30:03"
459,1,"Episode #8.150","Episode #8.150",0,2001,NULL,NULL,"2023-06-06 14:30:03"
460,1,"Basement Buddies","Basement Buddies",0,2014,NULL,NULL,"2023-06-06 14:30:03"
461,1,Erfolgsgeheimnisse,Erfolgsgeheimnisse,0,2008,NULL,NULL,"2023-06-06 14:30:03"
462,4,"Davina: My Pre and Post Natal Workouts","Davina: My Pre and Post Natal Workouts",0,2007,NULL,NULL,"2023-06-06 14:30:03"
463,7,"LeBron James: Police Detective","LeBron James: Police Detective",0,2015,NULL,NULL,"2023-06-06 14:30:03"
464,1,"Episode #1.122","Episode #1.122",0,2022,NULL,NULL,"2023-06-06 14:30:03"
465,1,"Baby Daddy Issues","Baby Daddy Issues",0,2017,NULL,40,"2023-06-06 14:30:03"
466,1,"Tom Brady REALLY loves his son.. (SSS #044)","Tom Brady REALLY loves his son.. (SSS #044)",0,2021,NULL,39,"2023-06-06 14:30:03"
467,1,"Episode #1.360","Episode #1.360",0,NULL,NULL,NULL,"2023-06-06 14:30:03"
468,1,"Episode #1.154","Episode #1.154",0,1973,NULL,NULL,"2023-06-06 14:30:03"
469,1,"Episode #1.10223","Episode #1.10223",0,2021,NULL,15,"2023-06-06 14:30:03"
470,3,"Lettera napoletana","Lettera napoletana",0,1954,NULL,92,"2023-06-06 14:30:03"
471,1,"Episode #1.191","Episode #1.191",0,2022,NULL,NULL,"2023-06-06 14:30:03"
472,3,"De buna voie si nesilit de nimeni","De buna voie si nesilit de nimeni",0,1974,NULL,NULL,"2023-06-06 14:30:03"
473,4,"Braun: Verboten Gut Aussehen","Braun: Verboten Gut Aussehen",0,2009,NULL,1,"2023-06-06 14:30:03"
474,1,"Episode #1.209","Episode #1.209",0,1995,NULL,NULL,"2023-06-06 14:30:03"
475,1,"Soul Power! The Early Years","Soul Power! The Early Years",0,2013,NULL,NULL,"2023-06-06 14:30:03"
476,2,"Fair Grounds","Fair Grounds",0,2017,NULL,NULL,"2023-06-06 14:30:03"
477,1,"Episode #17.32","Episode #17.32",0,2006,NULL,NULL,"2023-06-06 14:30:03"
478,1,"Episode #1.179","Episode #1.179",0,1973,NULL,NULL,"2023-06-06 14:30:03"
479,1,"Episode #1.41","Episode #1.41",0,2008,NULL,NULL,"2023-06-06 14:30:03"
480,1,"Can Penn & Teller Fool Penn & Teller?","Can Penn & Teller Fool Penn & Teller?",0,2016,NULL,NULL,"2023-06-06 14:30:03"
481,1,"#90 Darrell Scott","#90 Darrell Scott",0,2019,NULL,NULL,"2023-06-06 14:30:03"
482,1,"Moero shitsuji damashî! Barisan wo sukue","Moero shitsuji damashî! Barisan wo sukue",0,2003,NULL,NULL,"2023-06-06 14:30:03"
483,1,"Episode #1.118","Episode #1.118",0,2018,NULL,NULL,"2023-06-06 14:30:03"
484,1,"Episode #1.2","Episode #1.2",0,1991,NULL,77,"2023-06-06 14:30:03"
485,1,"Episode #2.99","Episode #2.99",0,NULL,NULL,NULL,"2023-06-06 14:30:03"
486,4,"Cabezas rapadas II","Cabezas rapadas II",0,2000,NULL,90,"2023-06-06 14:30:03"
487,1,"Episode #1.453","Episode #1.453",0,NULL,NULL,22,"2023-06-06 14:30:03"
488,1,"Episode #1.368","Episode #1.368",0,NULL,NULL,NULL,"2023-06-06 14:30:03"
489,2,"Diverging Paths","Diverging Paths",0,1913,NULL,11,"2023-06-06 14:30:03"
490,6,Chudo,Chudo,0,1996,NULL,120,"2023-06-06 14:30:03"
491,1,"Episode #1.5","Episode #1.5",0,2014,NULL,NULL,"2023-06-06 14:30:03"
492,1,"Episode 25","Episode 25",0,2021,NULL,NULL,"2023-06-06 14:30:03"
493,3,"354 Soccer","Sangôyon sakkâ",0,2016,NULL,NULL,"2023-06-06 14:30:03"
494,1,"Fenner's Folly","Fenner's Folly",0,1978,NULL,NULL,"2023-06-06 14:30:03"
495,4,"Matching Jack: Cast and Crew Interviews","Matching Jack: Cast and Crew Interviews",0,2011,NULL,50,"2023-06-06 14:30:03"
496,4,"Tattletale Corpse","Tattletale Corpse",0,2016,NULL,68,"2023-06-06 14:30:03"
497,2,Numbemployed,Numbemployed,0,2018,NULL,5,"2023-06-06 14:30:03"
498,1,"Episode #1.328","Episode #1.328",0,NULL,NULL,NULL,"2023-06-06 14:30:03"
499,5,"Adventures of Red Rooster","Adventures of Red Rooster",0,2012,NULL,22,"2023-06-06 14:30:03"
500,1,"Episode #1.148","Episode #1.148",0,NULL,NULL,NULL,"2023-06-06 14:30:03"
501,1,"Episode dated 24 January 2023","Episode dated 24 January 2023",0,2023,NULL,NULL,"2023-06-06 14:30:03"
502,5,"Blood River Virus","Blood River Virus",0,NULL,NULL,NULL,"2023-06-06 14:30:03"
503,1,"Episode #1.90","Episode #1.90",0,NULL,NULL,NULL,"2023-06-06 14:30:03"
504,1,"Episode #26.31","Episode #26.31",0,2021,NULL,NULL,"2023-06-06 14:30:03"
505,9,"Super Robot Wars D","Supa robotto taisen D",0,2003,NULL,NULL,"2023-06-06 14:30:03"
506,3,"Le feu aux poudres","Le feu aux poudres",0,1957,NULL,73,"2023-06-06 14:30:03"
507,1,"Episode #1.965","Episode #1.965",0,NULL,NULL,NULL,"2023-06-06 14:30:03"
508,1,"Episode #3.3","Episode #3.3",0,2011,NULL,NULL,"2023-06-06 14:30:03"
509,4,"Black Bi Nights: Saturday Night Surprise","Black Bi Nights: Saturday Night Surprise",1,1999,NULL,90,"2023-06-06 14:30:03"
510,1,"Episode #1.51","Episode #1.51",0,NULL,NULL,NULL,"2023-06-06 14:30:03"
511,1,"CIA Spied on Julian Assange in Ecuadorian Embassy","CIA Spied on Julian Assange in Ecuadorian Embassy",0,2019,NULL,NULL,"2023-06-06 14:30:03"
512,1,"Episode dated 26 September 2014","Episode dated 26 September 2014",0,2014,NULL,NULL,"2023-06-06 14:30:03"
513,1,"Episode #1.233","Episode #1.233",0,NULL,NULL,NULL,"2023-06-06 14:30:03"
514,1,"Episode #1.1314","Episode #1.1314",0,2007,NULL,NULL,"2023-06-06 14:30:03"
515,1,"Episode #1.44","Episode #1.44",0,1992,NULL,NULL,"2023-06-06 14:30:03"
516,1,"Episode #1.137","Episode #1.137",0,1997,NULL,25,"2023-06-06 14:30:03"
517,3,"Nomad: The Legendary Fighter","Nomad: The Legendary Fighter",0,NULL,NULL,60,"2023-06-06 14:30:03"
518,1,"Episode #1.584","Episode #1.584",0,1990,NULL,28,"2023-06-06 14:30:03"
519,5,"Donna on the Go","Donna on the Go",0,2017,NULL,10,"2023-06-06 14:30:03"
520,1,"2014 Chevrolet Camaro Z/28: The Trans-Am Racer Returns!","2014 Chevrolet Camaro Z/28: The Trans-Am Racer Returns!",0,2014,NULL,NULL,"2023-06-06 14:30:03"
521,1,"Land of Fire","Land of Fire",0,1971,NULL,15,"2023-06-06 14:30:03"
522,2,"Bits of Our Aircraft Are Missing","Bits of Our Aircraft Are Missing",0,1940,NULL,22,"2023-06-06 14:30:03"
523,1,"Wilde Tiere","Wilde Tiere",0,2013,NULL,46,"2023-06-06 14:30:03"
524,1,"The Strange, Little-Known Causes Behind the European Witch Hunts","The Strange, Little-Known Causes Behind the European Witch Hunts",0,2021,NULL,13,"2023-06-06 14:30:03"
525,2,Joost,Joost,0,2018,NULL,NULL,"2023-06-06 14:30:03"
526,9,"Music Arcade","Music Arcade",0,2009,NULL,NULL,"2023-06-06 14:30:03"
527,1,"Lockdown Week 6","Lockdown Week 6",0,2021,NULL,NULL,"2023-06-06 14:30:03"
528,1,"Episode #1.652","Episode #1.652",0,2011,NULL,NULL,"2023-06-06 14:30:03"
529,1,"16. jan. 2018 kl. 17:00","16. jan. 2018 kl. 17:00",0,2018,NULL,NULL,"2023-06-06 14:30:03"
530,1,"Episode #1.795","Episode #1.795",0,2023,NULL,NULL,"2023-06-06 14:30:03"
531,1,"Episode #1.171","Episode #1.171",0,1959,NULL,22,"2023-06-06 14:30:03"
532,1,"Episode #1.39","Episode #1.39",0,1982,NULL,NULL,"2023-06-06 14:30:03"
533,1,"Episode #1.12","Episode #1.12",0,NULL,NULL,NULL,"2023-06-06 14:30:03"
534,1,"A Time to Kill","A Time to Kill",0,1966,NULL,60,"2023-06-06 14:30:03"
535,1,"Episode #1.379","Episode #1.379",0,NULL,NULL,NULL,"2023-06-06 14:30:03"
536,1,"Episode #1.601","Episode #1.601",0,NULL,NULL,NULL,"2023-06-06 14:30:03"
537,4,"Vampire Hunter D: Volume 2: Raiser of Gales","Vampire Hunter D: Volume 2: Raiser of Gales",0,2022,NULL,NULL,"2023-06-06 14:30:03"
538,1,"You're Checking Me Out","You're Checking Me Out",0,2019,NULL,NULL,"2023-06-06 14:30:03"
539,1,"Episode #2.95","Episode #2.95",0,2016,NULL,NULL,"2023-06-06 14:30:03"
540,1,"Episode dated 10 March 2009","Episode dated 10 March 2009",0,2009,NULL,NULL,"2023-06-06 14:30:03"
541,1,"Hip Replacement","Hip Replacement",0,2021,NULL,NULL,"2023-06-06 14:30:03"
542,1,"Spellbound (1945)","Spellbound (1945)",0,2023,NULL,NULL,"2023-06-06 14:30:03"
543,6,"Musical Comedy Tonight","Musical Comedy Tonight",0,1979,NULL,90,"2023-06-06 14:30:03"
544,2,"The Happily Ever After","The Happily Ever After",0,2014,NULL,7,"2023-06-06 14:30:03"
545,1,"Episode #1.192","Episode #1.192",0,2021,NULL,NULL,"2023-06-06 14:30:03"
546,6,"Frank, My Dad","Frank, My Dad",0,2015,NULL,36,"2023-06-06 14:30:03"
547,1,Sekssomnia,Sekssomnia,0,2007,NULL,NULL,"2023-06-06 14:30:03"
548,1,"Episode #1.396","Episode #1.396",0,2021,NULL,NULL,"2023-06-06 14:30:03"
549,1,"The War on Drugs is a Lie","The War on Drugs is a Lie",0,2020,NULL,NULL,"2023-06-06 14:30:03"
550,1,"Episode #4.12","Episode #4.12",0,1994,NULL,NULL,"2023-06-06 14:30:03"
551,1,"Lesbionic Woman","Lesbionic Woman",0,2007,NULL,NULL,"2023-06-06 14:30:03"
552,5,Himegoto,Himegoto,0,2014,2014,4,"2023-06-06 14:30:03"
553,1,"Episode #1.745","Episode #1.745",0,2013,NULL,NULL,"2023-06-06 14:30:03"
554,1,"Episode #1.41","Episode #1.41",0,2014,NULL,70,"2023-06-06 14:30:03"
555,3,"Two Weddings, Somali Style","Two Weddings, Somali Style",0,2020,NULL,46,"2023-06-06 14:30:03"
556,8,"Líbranos del mal: homenaje a los grandes villanos de telenovela","Líbranos del mal: homenaje a los grandes villanos de telenovela",0,2013,NULL,120,"2023-06-06 14:30:03"
557,1,"Episode #1.21","Episode #1.21",0,2014,NULL,NULL,"2023-06-06 14:30:03"
558,1,"Huli sa CCTV","Huli sa CCTV",0,2017,NULL,NULL,"2023-06-06 14:30:03"
559,3,"Tammy Tell Me True","Tammy Tell Me True",0,1961,NULL,97,"2023-06-06 14:30:03"
560,5,"Eric's World","Eric's World",0,2020,NULL,NULL,"2023-06-06 14:30:03"
561,1,"13. desember","13. desember",0,2012,NULL,22,"2023-06-06 14:30:03"
562,1,Beetles,Beetles,0,1998,NULL,25,"2023-06-06 14:30:03"
563,2,"The Bandaged Man","The Bandaged Man",0,2019,NULL,2,"2023-06-06 14:30:03"
564,1,"Episode #1.52","Episode #1.52",0,2014,NULL,NULL,"2023-06-06 14:30:03"
565,1,"Episode #1.6","Episode #1.6",0,2007,NULL,NULL,"2023-06-06 14:30:03"
566,1,"Episode #1.135","Episode #1.135",0,2003,NULL,NULL,"2023-06-06 14:30:03"
567,1,"Tattoo Hipster","Tattoo Hipster",0,2019,NULL,NULL,"2023-06-06 14:30:03"
568,1,"Holy Zap Copter!","Holy Zap Copter!",0,2015,NULL,22,"2023-06-06 14:30:03"
569,1,"Episode #1.1134","Episode #1.1134",0,2019,NULL,NULL,"2023-06-06 14:30:03"
570,1,"Episode #3.21","Episode #3.21",0,1967,NULL,NULL,"2023-06-06 14:30:03"
571,1,"Episode #8.174","Episode #8.174",0,NULL,NULL,NULL,"2023-06-06 14:30:03"
572,1,"Episode #1.1934","Episode #1.1934",0,NULL,NULL,NULL,"2023-06-06 14:30:03"
573,1,"Il demone del gioco","Il demone del gioco",0,2004,NULL,NULL,"2023-06-06 14:30:03"
574,1,"Episode dated 1 April 2016","Episode dated 1 April 2016",0,2016,NULL,NULL,"2023-06-06 14:30:03"
575,1,"Prophetic Conference (Day 7)","Prophetic Conference (Day 7)",0,2020,NULL,NULL,"2023-06-06 14:30:03"
576,1,"Episode #1.88","Episode #1.88",0,2016,NULL,NULL,"2023-06-06 14:30:03"
577,1,"Episode #1.1","Episode #1.1",0,1962,NULL,NULL,"2023-06-06 14:30:03"
578,1,Lisa,Lisa,0,2015,NULL,22,"2023-06-06 14:30:03"
579,1,"Latex Lover in Chains","Latex Lover in Chains",1,2017,NULL,NULL,"2023-06-06 14:30:03"
580,1,"All the Fixin's","All the Fixin's",0,2008,NULL,NULL,"2023-06-06 14:30:03"
581,2,Mule,Mule,0,2013,NULL,9,"2023-06-06 14:30:03"
582,1,"When Actors Have to Slate","When Actors Have to Slate",0,2017,NULL,NULL,"2023-06-06 14:30:03"
583,1,"A Celebration","A Celebration",0,1987,NULL,NULL,"2023-06-06 14:30:03"
584,1,"Alec et Clément jouent les traders","Alec et Clément jouent les traders",0,2011,NULL,NULL,"2023-06-06 14:30:03"
585,1,"Episode #1.763","Episode #1.763",0,2009,NULL,NULL,"2023-06-06 14:30:03"
586,1,"Episode #23.179","Episode #23.179",0,2013,NULL,NULL,"2023-06-06 14:30:03"
587,1,"Kevin Hart/John Laster/Marshall Brandon","Kevin Hart/John Laster/Marshall Brandon",0,2012,NULL,NULL,"2023-06-06 14:30:03"
588,1,"Episode #1.1596","Episode #1.1596",0,NULL,NULL,NULL,"2023-06-06 14:30:03"
589,4,"Plácido Domingo: Gala Concert in Miami - Symphonic Orchestra of Miami Conducted by Eugene Kohn","Plácido Domingo: Gala Concert in Miami - Symphonic Orchestra of Miami Conducted by Eugene Kohn",0,1991,NULL,56,"2023-06-06 14:30:03"
590,1,"Anak ng bading","Anak ng bading",0,2016,NULL,NULL,"2023-06-06 14:30:03"
591,1,"Episode dated 13 September 2012","Episode dated 13 September 2012",0,2012,NULL,NULL,"2023-06-06 14:30:03"
592,4,"1PW: A Cruel Twist of Fate","1PW: A Cruel Twist of Fate",0,2005,NULL,NULL,"2023-06-06 14:30:03"
593,1,"Episode dated 21 April 1978","Episode dated 21 April 1978",0,1978,NULL,NULL,"2023-06-06 14:30:03"
594,1,"Zero Hour","Zero Hour",0,2004,NULL,44,"2023-06-06 14:30:03"
595,3,"Lopez Street","Calle Lopez",0,2013,NULL,80,"2023-06-06 14:30:03"
596,1,"Episode #11.87","Episode #11.87",0,NULL,NULL,NULL,"2023-06-06 14:30:03"
597,1,"Episode #7.6","Episode #7.6",0,1981,NULL,NULL,"2023-06-06 14:30:03"
598,1,"Episode dated 24 November 1977","Episode dated 24 November 1977",0,1977,NULL,NULL,"2023-06-06 14:30:03"
599,1,"We Lost Comm","We Lost Comm",0,2017,NULL,NULL,"2023-06-06 14:30:03"
600,1,"Cauldronation Day","Cauldronation Day",0,2016,NULL,23,"2023-06-06 14:30:03"
601,1,"Episode #1.1314","Episode #1.1314",0,NULL,NULL,NULL,"2023-06-06 14:30:03"
602,1,"Episode #21.22","Episode #21.22",0,2019,NULL,43,"2023-06-06 14:30:03"
603,2,"The Last Ranger (Fan Film)","The Last Ranger (Fan Film)",0,2017,NULL,NULL,"2023-06-06 14:30:03"
604,2,"Zhivoy Lenin","Zhivoy Lenin",0,1958,NULL,27,"2023-06-06 14:30:03"
605,1,"Amor de abuela","Amor de abuela",0,2015,NULL,NULL,"2023-06-06 14:30:03"
606,6,"O Pessoal é Político","O Pessoal é Político",0,2017,NULL,53,"2023-06-06 14:30:03"
607,1,"Harvey Korman","Harvey Korman",0,1977,NULL,NULL,"2023-06-06 14:30:03"
608,1,"Le salió el tiro por la culata","Le salió el tiro por la culata",0,2016,NULL,NULL,"2023-06-06 14:30:03"
609,1,"Minus Auction","Minus Auction",0,2014,NULL,NULL,"2023-06-06 14:30:03"
610,1,"Episode #1.4","Episode #1.4",0,2022,NULL,40,"2023-06-06 14:30:03"
611,8,"Comic Relief: The Traitors","Comic Relief: The Traitors",0,2023,NULL,NULL,"2023-06-06 14:30:03"
612,1,"Episode dated 6 December 2015","Episode dated 6 December 2015",0,2015,NULL,40,"2023-06-06 14:30:03"
613,1,"Jak prezít pochody a poute","Jak prezít pochody a poute",0,2002,NULL,NULL,"2023-06-06 14:30:03"
614,1,"International Fashion Designer and Speaker Hidi Lee Discusses Bullying","International Fashion Designer and Speaker Hidi Lee Discusses Bullying",0,2014,NULL,NULL,"2023-06-06 14:30:03"
615,2,"Callum Fairweather Live: Red Raw","Callum Fairweather Live: Red Raw",0,2013,NULL,NULL,"2023-06-06 14:30:03"
616,2,"De Chirico metafisico","De Chirico metafisico",0,1962,NULL,15,"2023-06-06 14:30:03"
617,2,"The Keening","The Keening",0,1999,NULL,9,"2023-06-06 14:30:03"
618,2,Soulala,Soulala,0,2018,NULL,10,"2023-06-06 14:30:03"
619,6,"Così fan tutte","Così fan tutte",0,1994,NULL,169,"2023-06-06 14:30:03"
620,2,Bleu,Bleu,0,2021,NULL,2,"2023-06-06 14:30:03"
621,3,"Bloodsucker's Planet","Bloodsucker's Planet",0,2019,NULL,67,"2023-06-06 14:30:03"
622,1,"Episode #15.56","Episode #15.56",0,2018,NULL,NULL,"2023-06-06 14:30:03"
623,1,"Episode dated 28 November 2012","Episode dated 28 November 2012",0,2012,NULL,60,"2023-06-06 14:30:03"
624,1,"Episode #1.1","Episode #1.1",0,2023,NULL,NULL,"2023-06-06 14:30:03"
625,1,"Finding Alternatives/Low Country Catch/Earthbound Farm","Finding Alternatives/Low Country Catch/Earthbound Farm",0,2007,NULL,NULL,"2023-06-06 14:30:03"
626,1,"Episode #1.95","Episode #1.95",0,NULL,NULL,NULL,"2023-06-06 14:30:03"
627,3,Chlopi,Chlopi,0,1973,NULL,166,"2023-06-06 14:30:03"
628,10,"Dot Comrades","Dot Comrades",0,2013,NULL,3,"2023-06-06 14:30:03"
629,1,"Episode dated 10 September 2008","Episode dated 10 September 2008",0,2008,NULL,NULL,"2023-06-06 14:30:03"
630,3,"Your Love Is Mine","Your Love Is Mine",0,2022,NULL,81,"2023-06-06 14:30:03"
631,6,"Les frénétiques","Les frénétiques",0,1959,NULL,96,"2023-06-06 14:30:03"
632,1,"Episode #1.1515","Episode #1.1515",0,2017,NULL,NULL,"2023-06-06 14:30:03"
633,1,"Episode #1.10","Episode #1.10",0,1998,NULL,NULL,"2023-06-06 14:30:03"
634,1,"Episode #1.226","Episode #1.226",0,NULL,NULL,NULL,"2023-06-06 14:30:03"
635,1,"Episode #1.19","Episode #1.19",0,2005,NULL,NULL,"2023-06-06 14:30:03"
636,4,"Luxure: Education de femmes mariées","Luxure: Education de femmes mariées",1,2019,NULL,102,"2023-06-06 14:30:03"
637,2,"An Intermission","An Intermission",0,2020,NULL,22,"2023-06-06 14:30:03"
638,1,"Episode dated 14 September 2020","Episode dated 14 September 2020",0,2020,NULL,NULL,"2023-06-06 14:30:03"
639,1,"Episode #11.2","Episode #11.2",0,1974,NULL,NULL,"2023-06-06 14:30:03"
640,1,"The Lesser of Two Evils","The Lesser of Two Evils",0,2000,NULL,23,"2023-06-06 14:30:03"
641,1,"Episode #1.69","Episode #1.69",0,2005,NULL,NULL,"2023-06-06 14:30:03"
642,1,"The Discovery","The Discovery",0,NULL,NULL,NULL,"2023-06-06 14:30:03"
643,1,"Episode dated 1 September 2003","Episode dated 1 September 2003",0,2003,NULL,NULL,"2023-06-06 14:30:03"
644,3,"La sultana Safiyè","La sultana Safiyè",0,1955,NULL,NULL,"2023-06-06 14:30:03"
645,1,"Episode #1.97","Episode #1.97",0,NULL,NULL,NULL,"2023-06-06 14:30:03"
646,1,"Episode #1.56","Episode #1.56",0,1997,NULL,60,"2023-06-06 14:30:03"
647,1,"Episode dated 2 January 1995","Episode dated 2 January 1995",0,1995,NULL,NULL,"2023-06-06 14:30:03"
648,1,"Episode #1.91","Episode #1.91",0,2022,NULL,NULL,"2023-06-06 14:30:03"
649,1,Seereise,Seereise,0,1969,NULL,58,"2023-06-06 14:30:03"
650,4,"Maximum 2","Maximum 2",1,2009,NULL,177,"2023-06-06 14:30:03"
651,6,"Stefano Salvati dirige Sting e Sharon Stone- Special canale 5","Stefano Salvati dirige Sting e Sharon Stone- Special canale 5",0,1998,NULL,NULL,"2023-06-06 14:30:03"
652,1,"Episode #1.117","Episode #1.117",0,2006,NULL,NULL,"2023-06-06 14:30:03"
653,1,"Las genialidades del genio Ingenioso","Las genialidades del genio Ingenioso",0,1989,NULL,NULL,"2023-06-06 14:30:03"
654,1,"Episode #1.82","Episode #1.82",0,1978,NULL,30,"2023-06-06 14:30:03"
655,1,"Cleveland Indians vs. Texas Rangers; Chicago Cubs vs. St. Louis Cardinals","Cleveland Indians vs. Texas Rangers; Chicago Cubs vs. St. Louis Cardinals",0,2017,NULL,NULL,"2023-06-06 14:30:03"
656,1,"Episode #1.8","Episode #1.8",0,2016,NULL,55,"2023-06-06 14:30:03"
657,1,"Episode #1.479","Episode #1.479",0,2021,NULL,NULL,"2023-06-06 14:30:03"
658,1,"Episode dated 14 November 2002","Episode dated 14 November 2002",0,2002,NULL,NULL,"2023-06-06 14:30:03"
659,1,"Episode #13.11","Episode #13.11",0,1990,NULL,NULL,"2023-06-06 14:30:03"
660,1,"This Is Who We Are","This Is Who We Are",0,2022,NULL,54,"2023-06-06 14:30:03"
661,1,"Episode dated 9 September 2009","Episode dated 9 September 2009",0,2009,NULL,NULL,"2023-06-06 14:30:03"
662,1,"Episode #1.560","Episode #1.560",0,2003,NULL,NULL,"2023-06-06 14:30:03"
663,1,"Episode #1.6458","Episode #1.6458",0,NULL,NULL,NULL,"2023-06-06 14:30:03"
664,1,"Episode #2.6","Episode #2.6",0,2019,NULL,NULL,"2023-06-06 14:30:03"
665,1,"Episode dated 27 October 2018","Episode dated 27 October 2018",0,2018,NULL,120,"2023-06-06 14:30:03"
666,1,"Episode #1.113","Episode #1.113",0,2009,NULL,NULL,"2023-06-06 14:30:03"
667,1,"Episode #1.177","Episode #1.177",0,2022,NULL,NULL,"2023-06-06 14:30:03"
668,2,Dissonance,Dissonance,0,2015,NULL,16,"2023-06-06 14:30:03"
669,4,"Hair Force One","Hair Force One",1,2007,NULL,NULL,"2023-06-06 14:30:03"
670,1,"Episode #1.41","Episode #1.41",0,NULL,NULL,NULL,"2023-06-06 14:30:03"
671,1,"Episode #1.582","Episode #1.582",0,NULL,NULL,NULL,"2023-06-06 14:30:03"
672,3,"Ms. Senior Sweetheart","Ms. Senior Sweetheart",0,2009,NULL,80,"2023-06-06 14:30:03"
673,1,"Episode #1.25","Episode #1.25",0,2014,NULL,NULL,"2023-06-06 14:30:03"
674,1,"Michael Heseltine","Michael Heseltine",0,2018,NULL,NULL,"2023-06-06 14:30:03"
675,1,"Episode #5.2","Episode #5.2",0,2006,NULL,NULL,"2023-06-06 14:30:03"
676,1,"Episode dated 3 November 2016","Episode dated 3 November 2016",0,2016,NULL,NULL,"2023-06-06 14:30:03"
677,1,"Episode #5.17","Episode #5.17",0,NULL,NULL,NULL,"2023-06-06 14:30:03"
678,1,"Benny Green","Benny Green",0,1996,NULL,NULL,"2023-06-06 14:30:03"
679,1,"Medal Round","Medal Round",0,2021,NULL,NULL,"2023-06-06 14:30:03"
680,2,Trip,Trip,0,2014,NULL,15,"2023-06-06 14:30:03"
681,1,"Tuck Everlasting","Tuck Everlasting",0,2018,NULL,NULL,"2023-06-06 14:30:03"
682,1,"The Power of Selling Out: Your Customers as Political Capital","The Power of Selling Out: Your Customers as Political Capital",0,2012,NULL,NULL,"2023-06-06 14:30:03"
683,2,De-Limited,De-Limited,0,2008,NULL,8,"2023-06-06 14:30:03"
684,1,"Episode #1.802","Episode #1.802",0,2015,NULL,NULL,"2023-06-06 14:30:03"
685,1,"Episode #1.880","Episode #1.880",0,NULL,NULL,NULL,"2023-06-06 14:30:03"
686,2,"Story of the Moth and the Butterfly","Story of the Moth and the Butterfly",0,1907,NULL,NULL,"2023-06-06 14:30:03"
687,1,"Episode #1.122","Episode #1.122",0,NULL,NULL,NULL,"2023-06-06 14:30:03"
688,1,"Kurohakushaku no toride","Kurohakushaku no toride",0,2009,NULL,NULL,"2023-06-06 14:30:03"
689,2,Reconciled,Reconciled,0,1912,NULL,10,"2023-06-06 14:30:03"
690,1,"The Light Fantastic","The Light Fantastic",0,2010,NULL,NULL,"2023-06-06 14:30:03"
691,1,"Rock 'N' Riding! Pt. 1 (Henry)/President Park's 35th Birthday Party Pt. 1 (Park Na Rae/Hwasa/Hye Jin)","Rock 'N' Riding! Pt. 1 (Henry)/President Park's 35th Birthday Party Pt. 1 (Park Na Rae/Hwasa/Hye Jin)",0,2019,NULL,NULL,"2023-06-06 14:30:03"
692,1,"Running with the Bulls","Running with the Bulls",0,2017,NULL,32,"2023-06-06 14:30:03"
693,1,"Tiffani Faison","Tiffani Faison",0,2015,NULL,24,"2023-06-06 14:30:03"
694,1,"Aflevering 992","Aflevering 992",0,1995,NULL,NULL,"2023-06-06 14:30:03"
695,1,"Episode dated 20 November 2006","Episode dated 20 November 2006",0,2006,NULL,NULL,"2023-06-06 14:30:03"
696,1,"Blumen für die Dame","Blumen für die Dame",0,2013,NULL,NULL,"2023-06-06 14:30:03"
697,1,"Episode #1.24","Episode #1.24",0,2019,NULL,NULL,"2023-06-06 14:30:03"
698,1,"Wish You Were (Not) Here!","Wish You Were (Not) Here!",0,NULL,NULL,NULL,"2023-06-06 14:30:03"
699,1,"Episode #1.219","Episode #1.219",0,2022,NULL,NULL,"2023-06-06 14:30:03"
700,1,"Episode #1.1","Episode #1.1",0,2013,NULL,NULL,"2023-06-06 14:30:03"
701,5,Rezoun,Rezoun,0,2016,NULL,15,"2023-06-06 14:30:03"
702,1,"Episode #1.137","Episode #1.137",0,NULL,NULL,NULL,"2023-06-06 14:30:03"
703,1,"Episode #1.123","Episode #1.123",0,2019,NULL,NULL,"2023-06-06 14:30:03"
704,1,"Episode #1.1909","Episode #1.1909",0,NULL,NULL,NULL,"2023-06-06 14:30:03"
705,1,"N°2238 Ana Otasevic","N°2238 Ana Otasevic",0,2009,NULL,NULL,"2023-06-06 14:30:03"
706,3,"Sing as You Swing","Sing as You Swing",0,1937,NULL,82,"2023-06-06 14:30:03"
707,1,"This is Mullet Boy","This is Mullet Boy",0,2022,NULL,NULL,"2023-06-06 14:30:03"
708,2,Bangamahbamup,Bangamahbamup,0,2015,NULL,7,"2023-06-06 14:30:03"
709,1,"Episode #2.28","Episode #2.28",0,2017,NULL,NULL,"2023-06-06 14:30:03"
710,1,"A Finale","A Finale",0,2015,NULL,NULL,"2023-06-06 14:30:03"
711,1,"Episode #1.257","Episode #1.257",0,NULL,NULL,NULL,"2023-06-06 14:30:03"
712,1,"Pokemon WTF Moments (S02E14) - SNACK ATTACK","Pokemon WTF Moments (S02E14) - SNACK ATTACK",0,2021,NULL,NULL,"2023-06-06 14:30:03"
713,1,"Episode #7.1","Episode #7.1",0,1959,NULL,NULL,"2023-06-06 14:30:03"
714,3,"Tales of Brooklyn","Tales of Brooklyn",0,2020,NULL,71,"2023-06-06 14:30:03"
715,2,"His Parlor Zoo","His Parlor Zoo",0,1917,NULL,NULL,"2023-06-06 14:30:03"
716,1,"Knock, Knock","Knock, Knock",0,1984,NULL,24,"2023-06-06 14:30:03"
717,2,"Wondrous George","Wondrous George",0,2017,NULL,15,"2023-06-06 14:30:03"
718,2,"Run Away","Dai bi",0,2002,NULL,29,"2023-06-06 14:30:03"
719,3,"Pour quelques barres de chocolat","Pour quelques barres de chocolat",0,2017,NULL,66,"2023-06-06 14:30:03"
720,4,"The Coffee Ring Effect","The Coffee Ring Effect",0,2011,NULL,2,"2023-06-06 14:30:03"
721,1,"Episode #1.24","Episode #1.24",0,2019,NULL,NULL,"2023-06-06 14:30:03"
722,1,"We were in a movie","We were in a movie",0,NULL,NULL,NULL,"2023-06-06 14:30:03"
723,2,"Flesh Pie","Flesh Pie",0,2012,NULL,6,"2023-06-06 14:30:03"
724,1,"Episode #1.20","Episode #1.20",0,2016,NULL,NULL,"2023-06-06 14:30:03"
725,1,"Mix Up","Mix Up",0,2021,NULL,NULL,"2023-06-06 14:30:03"
726,1,"Di san bang -- jici huayuan ge xian shentong","Di san bang -- jici huayuan ge xian shentong",0,NULL,NULL,NULL,"2023-06-06 14:30:03"
727,2,"A Good Night Sleeps","A Good Night Sleeps",0,2021,NULL,NULL,"2023-06-06 14:30:03"
728,1,"Von Eifersucht getrieben","Von Eifersucht getrieben",0,2020,NULL,NULL,"2023-06-06 14:30:03"
729,1,"Episode #1.298","Episode #1.298",0,NULL,NULL,NULL,"2023-06-06 14:30:03"
730,1,"Episode #1.1252","Episode #1.1252",0,1985,NULL,NULL,"2023-06-06 14:30:03"
731,1,"You've Been Served","You've Been Served",0,2020,NULL,NULL,"2023-06-06 14:30:03"
732,1,"Episode dated 25 August 2021","Episode dated 25 August 2021",0,2021,NULL,NULL,"2023-06-06 14:30:03"
733,1,"Tough Push-ups and Squats! Don't give up!","Tough Push-ups and Squats! Don't give up!",0,2015,NULL,NULL,"2023-06-06 14:30:03"
734,1,"Episode #1.1401","Episode #1.1401",0,2014,NULL,NULL,"2023-06-06 14:30:03"
735,4,"At All Cost","At All Cost",0,2014,NULL,67,"2023-06-06 14:30:03"
736,1,"Episode #1.192","Episode #1.192",0,2021,NULL,NULL,"2023-06-06 14:30:03"
737,5,Bliznetsy,Bliznetsy,0,2004,NULL,50,"2023-06-06 14:30:03"
738,1,"Episode #1.337","Episode #1.337",0,NULL,NULL,NULL,"2023-06-06 14:30:03"
739,1,"Episode #1.93","Episode #1.93",0,NULL,NULL,NULL,"2023-06-06 14:30:03"
740,1,"Episode #12.24","Episode #12.24",0,2011,NULL,NULL,"2023-06-06 14:30:03"
741,1,"House connection formality for drinking water","House connection formality for drinking water",0,2012,NULL,NULL,"2023-06-06 14:30:03"
742,1,"Catalunya, en boca d'Espanya","Catalunya, en boca d'Espanya",0,2004,NULL,NULL,"2023-06-06 14:30:03"
743,1,"The Radford Reshuffle","The Radford Reshuffle",0,2005,NULL,NULL,"2023-06-06 14:30:03"
744,1,"Episode #1.362","Episode #1.362",0,NULL,NULL,NULL,"2023-06-06 14:30:03"
745,1,"Episode #11.44","Episode #11.44",0,NULL,NULL,NULL,"2023-06-06 14:30:03"
746,1,"Wee Little - Big Sneezle","Wee Little - Big Sneezle",0,2022,NULL,NULL,"2023-06-06 14:30:03"
747,1,"Episode #1.380","Episode #1.380",0,1998,NULL,NULL,"2023-06-06 14:30:03"
748,1,"Episode #1.751","Episode #1.751",0,NULL,NULL,NULL,"2023-06-06 14:30:03"
749,1,"Episode #1.168","Episode #1.168",0,1973,NULL,22,"2023-06-06 14:30:03"
750,1,"MFPG-0010-Pony Landslides of Girls","MFPG-0010-Pony Landslides of Girls",1,2015,NULL,25,"2023-06-06 14:30:03"
751,1,"Episode #1.8608","Episode #1.8608",0,2015,NULL,NULL,"2023-06-06 14:30:03"
752,1,"Disculpes acceptades","Disculpes acceptades",0,2018,NULL,NULL,"2023-06-06 14:30:03"
753,1,"Episode #1.534","Episode #1.534",0,2021,NULL,NULL,"2023-06-06 14:30:03"
754,1,"Episode #1.1870","Episode #1.1870",0,NULL,NULL,NULL,"2023-06-06 14:30:03"
755,1,Trauma,Trauma,0,2007,NULL,NULL,"2023-06-06 14:30:03"
756,1,"36. Bölüm","36. Bölüm",0,2004,NULL,NULL,"2023-06-06 14:30:03"
757,1,"Episode #2.6","Episode #2.6",0,2002,NULL,NULL,"2023-06-06 14:30:03"
758,3,"Young Gods: Children of the Zodiac","Young Gods: Children of the Zodiac",0,NULL,NULL,NULL,"2023-06-06 14:30:03"
759,1,"Young Love and Broken Necks","Young Love and Broken Necks",0,2007,NULL,NULL,"2023-06-06 14:30:03"
760,3,"The 16th Chapel","The 16th Chapel",0,2005,NULL,NULL,"2023-06-06 14:30:03"
761,6,Yubiley,Yubiley,0,1972,NULL,30,"2023-06-06 14:30:03"
762,1,"An Inconvenient Murder","An Inconvenient Murder",0,2018,NULL,42,"2023-06-06 14:30:03"
763,7,"Why Not Us: FAMU Football","Why Not Us: FAMU Football",0,2021,NULL,NULL,"2023-06-06 14:30:03"
764,1,"30. mars 2016 kl. 18:45","30. mars 2016 kl. 18:45",0,2016,NULL,NULL,"2023-06-06 14:30:03"
765,1,"18. desember 2020","18. desember 2020",0,2020,NULL,NULL,"2023-06-06 14:30:03"
766,1,"Intervening Campaigns","Intervening Campaigns",0,1994,NULL,NULL,"2023-06-06 14:30:03"
767,1,"All in the Family","All in the Family",0,2019,NULL,42,"2023-06-06 14:30:03"
768,1,"Episode #1.470","Episode #1.470",0,2011,NULL,NULL,"2023-06-06 14:30:03"
769,5,"Akko to Bokura ga Ikita Natsu","Akko to Bokura ga Ikita Natsu",0,2012,NULL,NULL,"2023-06-06 14:30:03"
770,1,"Episode #16.7","Episode #16.7",0,2005,NULL,NULL,"2023-06-06 14:30:03"
771,2,Starshot,Starshot,0,2019,NULL,13,"2023-06-06 14:30:03"
772,1,"More Music Videos","More Music Videos",0,2006,NULL,NULL,"2023-06-06 14:30:03"
773,1,"Episode #1.2","Episode #1.2",0,1966,NULL,NULL,"2023-06-06 14:30:03"
774,1,"Episode #2.97","Episode #2.97",0,1992,NULL,NULL,"2023-06-06 14:30:03"
775,3,Lobo,Lobo,0,NULL,NULL,NULL,"2023-06-06 14:30:03"
776,3,"Ude kurabe senryô yakusha","Ude kurabe senryô yakusha",0,1953,NULL,87,"2023-06-06 14:30:03"
777,3,"The Needs of Kim Stanley","The Needs of Kim Stanley",0,NULL,NULL,NULL,"2023-06-06 14:30:03"
778,1,"Geheimnisse des 'Dritten Reichs' (Teil 3)","Geheimnisse des 'Dritten Reichs' (Teil 3)",0,2011,NULL,NULL,"2023-06-06 14:30:03"
779,1,"In Safe Hands","In Safe Hands",0,2020,NULL,46,"2023-06-06 14:30:03"
780,1,"Old Dogs","Old Dogs",0,2010,NULL,NULL,"2023-06-06 14:30:03"
781,1,"Clip: Hydra Fortress Smash","Clip: Hydra Fortress Smash",0,2017,NULL,NULL,"2023-06-06 14:30:03"
782,1,"Episode #1.45","Episode #1.45",0,2015,NULL,NULL,"2023-06-06 14:30:03"
783,2,"School Holidays in Prostokvashino","Kanikuly v Prostokvashino",0,1980,NULL,18,"2023-06-06 14:30:03"
784,5,"The Unemployed Mind","The Unemployed Mind",0,2012,NULL,NULL,"2023-06-06 14:30:03"
785,3,"The Wasting","The Wasting",0,2017,NULL,98,"2023-06-06 14:30:03"
786,1,Handeln,Handeln,0,2007,NULL,15,"2023-06-06 14:30:03"
787,1,"Ally Abroad","Ally Abroad",0,2010,NULL,30,"2023-06-06 14:30:03"
788,1,"Episode #1.74","Episode #1.74",0,NULL,NULL,NULL,"2023-06-06 14:30:03"
789,7,"Naku, boss ko!","Naku, boss ko!",0,2016,2016,NULL,"2023-06-06 14:30:03"
790,5,"Martin Agronsky: Evening Edition","Martin Agronsky: Evening Edition",0,1971,1976,NULL,"2023-06-06 14:30:03"
791,4,"The Making of 'the Bridge on the River Kwai'","The Making of 'The Bridge on the River Kwai'",0,2000,NULL,53,"2023-06-06 14:30:03"
792,1,"Hoth's Walker Assault Star Wars Battlefront Blind Wave reaction","Hoth's Walker Assault Star Wars Battlefront Blind Wave reaction",0,2015,NULL,16,"2023-06-06 14:30:03"
793,1,"Episode dated 20 August 2020","Episode dated 20 August 2020",0,2020,NULL,NULL,"2023-06-06 14:30:03"
794,1,"Episode #1.157","Episode #1.157",0,1975,NULL,NULL,"2023-06-06 14:30:03"
795,1,"Episode #3.15","Episode #3.15",0,2003,NULL,NULL,"2023-06-06 14:30:03"
796,1,"Helden und Beginner","Helden und Beginner",0,2012,NULL,45,"2023-06-06 14:30:03"
797,1,"A special day with Salman","A special day with Salman",0,2010,NULL,NULL,"2023-06-06 14:30:03"
798,1,"Episode #1.117","Episode #1.117",0,1976,NULL,NULL,"2023-06-06 14:30:03"
799,2,Gina,Gina,0,2017,NULL,9,"2023-06-06 14:30:03"
800,1,"Years Ago","Years Ago",0,1948,NULL,60,"2023-06-06 14:30:03"
801,1,"Episode dated 14 October 1999","Episode dated 14 October 1999",0,1999,NULL,NULL,"2023-06-06 14:30:03"
802,2,Pets,Pets,0,2012,NULL,6,"2023-06-06 14:30:03"
803,1,"Buying a Town","Buying a Town",0,2019,NULL,42,"2023-06-06 14:30:03"
804,1,"A Lick of Paint","A Lick of Paint",0,2002,NULL,5,"2023-06-06 14:30:03"
805,1,"Episode #1.583","Episode #1.583",0,NULL,NULL,NULL,"2023-06-06 14:30:03"
806,1,"Episode #2.59","Episode #2.59",0,2017,NULL,NULL,"2023-06-06 14:30:03"
807,1,"Episode #1.955","Episode #1.955",0,2017,NULL,22,"2023-06-06 14:30:03"
808,1,"Tattoo Barbie","Tattoo Barbie",0,2009,NULL,NULL,"2023-06-06 14:30:03"
809,1,"Call Me Not Okurrr","Call Me Not Okurrr",0,2023,NULL,NULL,"2023-06-06 14:30:03"
810,5,"Survivor Tamil","Survivor Tamil",0,2021,NULL,NULL,"2023-06-06 14:30:03"
811,1,"Episode #1.106","Episode #1.106",0,2013,NULL,NULL,"2023-06-06 14:30:03"
812,1,"The Hunt Begins","The Hunt Begins",0,2021,NULL,NULL,"2023-06-06 14:30:03"
813,1,"Episode dated 17 May 2014","Episode dated 17 May 2014",0,2014,NULL,NULL,"2023-06-06 14:30:03"
814,1,"Episode #43.25","Episode #43.25",0,2006,NULL,NULL,"2023-06-06 14:30:03"
815,1,"Episode #1.143","Episode #1.143",0,1997,NULL,15,"2023-06-06 14:30:03"
816,1,"Ktos za mna chodzi","Ktos za mna chodzi",0,2022,NULL,40,"2023-06-06 14:30:03"
817,1,"Episode #4.21","Episode #4.21",0,2011,NULL,NULL,"2023-06-06 14:30:03"
818,1,"Do Not Go Gentle Into That Good Night","Do Not Go Gentle Into That Good Night",0,1967,NULL,74,"2023-06-06 14:30:03"
819,1,"Episode dated 23 August 1995","Episode dated 23 August 1995",0,1995,NULL,NULL,"2023-06-06 14:30:03"
820,1,"Founding Fathers","Founding Fathers",0,2018,NULL,NULL,"2023-06-06 14:30:03"
821,1,"Episode #13.23","Episode #13.23",0,1996,NULL,NULL,"2023-06-06 14:30:03"
822,1,"Nice Neighbours","Nice Neighbours",0,2022,NULL,NULL,"2023-06-06 14:30:03"
823,1,Baie-des-Chaleurs,Baie-des-Chaleurs,0,2022,NULL,NULL,"2023-06-06 14:30:03"
824,1,"It Is so Sensitive","It Is so Sensitive",1,2013,NULL,NULL,"2023-06-06 14:30:03"
825,1,"Episode dated 30 June 2006","Episode dated 30 June 2006",0,2006,NULL,NULL,"2023-06-06 14:30:03"
826,1,"Episode dated 8 July 1946","Episode dated 8 July 1946",0,1946,NULL,NULL,"2023-06-06 14:30:03"
827,1,"Episode #1.172","Episode #1.172",0,2004,NULL,NULL,"2023-06-06 14:30:03"
828,1,"Episode #1.681","Episode #1.681",0,NULL,NULL,NULL,"2023-06-06 14:30:03"
829,3,"Me and El Che","Moi et le Che",0,2017,NULL,90,"2023-06-06 14:30:03"
830,1,"Episode #1.2","Episode #1.2",0,2014,NULL,55,"2023-06-06 14:30:03"
831,1,"Episode #3.40","Episode #3.40",0,NULL,NULL,NULL,"2023-06-06 14:30:03"
832,1,"Proof That the Tribulation Is NOT God's Wrath","Proof That the Tribulation Is NOT God's Wrath",0,2012,NULL,3,"2023-06-06 14:30:03"
833,1,"Episode #1.47","Episode #1.47",0,1988,NULL,NULL,"2023-06-06 14:30:03"
834,1,"Spectacle sur scène","Spectacle sur scène",0,2019,NULL,2,"2023-06-06 14:30:03"
835,1,"Episode #1.52","Episode #1.52",0,NULL,NULL,NULL,"2023-06-06 14:30:03"
836,1,"New Lease on Life","New Lease on Life",0,2018,NULL,42,"2023-06-06 14:30:03"
837,1,"Wenn die Eltern Stress machen","Wenn die Eltern Stress machen",0,2018,NULL,15,"2023-06-06 14:30:03"
838,2,"Be Careful What You Wish For","Be Careful What You Wish For",0,2016,NULL,1,"2023-06-06 14:30:03"
839,1,"Gården i Gärde i Brunflo","Gården i Gärde i Brunflo",0,2022,NULL,58,"2023-06-06 14:30:03"
840,1,"Episode dated 23 April 1998","Episode dated 23 April 1998",0,1998,NULL,NULL,"2023-06-06 14:30:03"
841,2,"Una vida difícil: Campesinos en los Alpes y en los Andes","Una vida difícil: Campesinos en los Alpes y en los Andes",0,2001,NULL,30,"2023-06-06 14:30:03"
842,5,"Awaken Your Riches","Awaken Your Riches",0,2015,NULL,NULL,"2023-06-06 14:30:03"
843,1,"Episode #1.96","Episode #1.96",0,1998,NULL,NULL,"2023-06-06 14:30:03"
844,9,"Ping Pong","Ping Pong",0,1985,NULL,NULL,"2023-06-06 14:30:03"
845,1,"Under Siege","Under Siege",0,2020,NULL,NULL,"2023-06-06 14:30:03"
846,1,"Adventure 'Reviewcap' - Old School Essentials Session #6, Keep on the Borderlands!","Adventure 'Reviewcap' - Old School Essentials Session #6, Keep on the Borderlands!",0,2022,NULL,NULL,"2023-06-06 14:30:03"
847,1,"Episode #1.6","Episode #1.6",0,2021,NULL,NULL,"2023-06-06 14:30:03"
848,1,"Doreen Bazile: Rodents With Wings","Doreen Bazile: Rodents With Wings",0,2016,NULL,NULL,"2023-06-06 14:30:03"
849,1,"The IT Department","The IT Department",0,2016,NULL,NULL,"2023-06-06 14:30:03"
850,1,"Zuckles Drinks Himself into Brain Damage","Zuckles Drinks Himself into Brain Damage",0,2019,NULL,62,"2023-06-06 14:30:03"
851,1,"The Sushi Connection","The Sushi Connection",0,2004,NULL,23,"2023-06-06 14:30:03"
852,8,"Live by Request: Elvis Costello","Live by Request: Elvis Costello",0,2003,NULL,NULL,"2023-06-06 14:30:03"
853,1,"Self-Fulfilling Idiocy","Self-Fulfilling Idiocy",0,2012,NULL,NULL,"2023-06-06 14:30:03"
854,3,"Lot's Wife","Lot's Wife",0,NULL,NULL,NULL,"2023-06-06 14:30:03"
855,1,"Episode #1.323","Episode #1.323",0,NULL,NULL,NULL,"2023-06-06 14:30:03"
856,3,"White Rush","White Rush",0,2003,NULL,87,"2023-06-06 14:30:03"
857,1,"Episode #1.6","Episode #1.6",0,1998,NULL,NULL,"2023-06-06 14:30:03"
858,1,"Conceal and Carry","Conceal and Carry",0,2017,NULL,40,"2023-06-06 14:30:03"
859,1,"Episode dated 18 July 2016","Episode dated 18 July 2016",0,2016,NULL,NULL,"2023-06-06 14:30:03"
860,4,"No Other Possibility","No Other Possibility",0,1989,NULL,60,"2023-06-06 14:30:03"
861,2,"Boulevard de Catalogne à Barcelone","Boulevard de Catalogne à Barcelone",0,1902,NULL,NULL,"2023-06-06 14:30:03"
862,2,"The Wind Inside Me","The Wind Inside Me",0,2011,NULL,15,"2023-06-06 14:30:03"
863,1,"Episode #1.100","Episode #1.100",0,1968,NULL,NULL,"2023-06-06 14:30:03"
864,1,Elected,Elected,0,2022,NULL,NULL,"2023-06-06 14:30:03"
865,2,"Il dottore dei pesci","Il dottore dei pesci",0,2018,NULL,17,"2023-06-06 14:30:03"
866,7,"Plomera de mi barrio","Plomera de mi barrio",0,1988,NULL,60,"2023-06-06 14:30:03"
867,1,"Juego de roles","Juego de roles",0,2012,NULL,NULL,"2023-06-06 14:30:03"
868,1,"Episode #1.1283","Episode #1.1283",0,2001,NULL,NULL,"2023-06-06 14:30:03"
869,1,"Episode #1.279","Episode #1.279",0,NULL,NULL,NULL,"2023-06-06 14:30:03"
870,1,"Episode of June 4 2016","Episode of June 4 2016",0,2016,NULL,NULL,"2023-06-06 14:30:03"
871,1,"The Stork","The Stork",0,2021,NULL,11,"2023-06-06 14:30:03"
872,1,"Episode #1.173","Episode #1.173",0,2013,NULL,NULL,"2023-06-06 14:30:03"
873,1,"Episode #2.13","Episode #2.13",0,2003,NULL,NULL,"2023-06-06 14:30:03"
874,1,"Match 21: Royal Challengers Bangalore v Delhi Daredevils","Match 21: Royal Challengers Bangalore v Delhi Daredevils",0,2013,NULL,NULL,"2023-06-06 14:30:03"
875,1,"Watch Out! Rudy's Run Amok!/Extreme Fight! Novu VS Ryuji","Watch Out! Rudy's Run Amok!/Extreme Fight! Novu VS Ryuji",0,2014,NULL,NULL,"2023-06-06 14:30:03"
876,1,"O Mal de Dentes","O Mal de Dentes",0,1988,NULL,NULL,"2023-06-06 14:30:03"
877,1,"Episode #2.12","Episode #2.12",0,2021,NULL,NULL,"2023-06-06 14:30:03"
878,1,"Episode #1.1730","Episode #1.1730",0,NULL,NULL,NULL,"2023-06-06 14:30:03"
879,2,"Jens køber is på en lørdag","Jens køber is på en lørdag",0,2013,NULL,15,"2023-06-06 14:30:03"
880,1,"Trouble and Squeak","Trouble and Squeak",0,2005,NULL,10,"2023-06-06 14:30:03"
881,1,"Episode dated 9 December 2020","Episode dated 9 December 2020",0,2020,NULL,NULL,"2023-06-06 14:30:03"
882,1,"Episode dated 5 February 1993","Episode dated 5 February 1993",0,1993,NULL,NULL,"2023-06-06 14:30:03"
883,2,"Queen's Birthday Celebration","Queen's Birthday Celebration",0,1900,NULL,NULL,"2023-06-06 14:30:03"
884,1,"The Gambling Man","The Gambling Man",0,1959,NULL,NULL,"2023-06-06 14:30:03"
885,1,"Episode #1.225","Episode #1.225",0,2017,NULL,NULL,"2023-06-06 14:30:03"
886,1,"Are You in, or Are You Out?","Are You in, or Are You Out?",0,2022,NULL,NULL,"2023-06-06 14:30:03"
887,1,"Episode dated 27 July 2001","Episode dated 27 July 2001",0,2001,NULL,NULL,"2023-06-06 14:30:03"
888,1,Addormentarsi,Addormentarsi,0,1987,NULL,NULL,"2023-06-06 14:30:03"
889,1,"Episode #1.3078","Episode #1.3078",0,NULL,NULL,NULL,"2023-06-06 14:30:03"
890,4,"Konto 360° w Banku Millennium","Konto 360° w Banku Millennium",0,2016,NULL,NULL,"2023-06-06 14:30:03"
891,1,"Episode #1.499","Episode #1.499",0,NULL,NULL,NULL,"2023-06-06 14:30:03"
892,5,"The I Files","The I Files",0,2012,NULL,NULL,"2023-06-06 14:30:03"
893,1,Fernie,Fernie,0,2003,NULL,NULL,"2023-06-06 14:30:03"
894,1,"Episode dated 18 November 2000","Episode dated 18 November 2000",0,2000,NULL,NULL,"2023-06-06 14:30:03"
895,5,"Pride and Passion","Orgulho e Paixão",0,2018,2018,40,"2023-06-06 14:30:03"
896,1,"30 Years Positive","30 Years Positive",0,2011,NULL,NULL,"2023-06-06 14:30:03"
897,1,"Episode #1.109","Episode #1.109",0,NULL,NULL,NULL,"2023-06-06 14:30:03"
898,1,"Episode #1.5","Episode #1.5",0,1998,NULL,NULL,"2023-06-06 14:30:03"
899,1,"Best Arcades in Los Angeles - How To Video Games","Best Arcades in Los Angeles - How To Video Games",0,2017,NULL,NULL,"2023-06-06 14:30:03"
900,1,"Bless This Mess","Bless This Mess",0,1975,NULL,NULL,"2023-06-06 14:30:03"
901,2,"Look at Life: Behind the Ton-Up Boys","Look at Life: Behind the Ton-Up Boys",0,1964,NULL,9,"2023-06-06 14:30:03"
902,1,Ardingly,Ardingly,0,2001,NULL,NULL,"2023-06-06 14:30:03"
903,1,"Episode #1.65","Episode #1.65",0,NULL,NULL,NULL,"2023-06-06 14:30:03"
904,2,Lift,Lift,0,2015,NULL,9,"2023-06-06 14:30:03"
905,3,"Following Lines","Following Lines",0,2020,NULL,NULL,"2023-06-06 14:30:03"
906,1,"Episode #1.1","Episode #1.1",0,2009,NULL,NULL,"2023-06-06 14:30:03"
907,1,"Uutisia Afrikasta","Uutisia Afrikasta",0,2008,NULL,NULL,"2023-06-06 14:30:03"
908,6,"George and the Christmas Star","George and the Christmas Star",0,1985,NULL,25,"2023-06-06 14:30:03"
909,1,"Episode #1.2901","Episode #1.2901",0,2007,NULL,25,"2023-06-06 14:30:03"
910,3,Fridsro,Fridsro,0,2006,NULL,NULL,"2023-06-06 14:30:03"
911,1,"How Much?","How Much?",0,2017,NULL,9,"2023-06-06 14:30:03"
912,1,"Episode dated 29 February 1968","Episode dated 29 February 1968",0,1968,NULL,NULL,"2023-06-06 14:30:03"
913,2,"Meet Your Match","Meet Your Match",0,2017,NULL,13,"2023-06-06 14:30:03"
914,1,"Funkygines forsvarssjokk","Funkygines forsvarssjokk",0,2021,NULL,29,"2023-06-06 14:30:03"
915,3,Salomonico,Salomonico,0,1972,NULL,113,"2023-06-06 14:30:03"
916,1,"In the Name of the Father","In the Name of the Father",0,2002,NULL,NULL,"2023-06-06 14:30:03"
917,1,"Fashionista Sex Fiesta","Fashionista Sex Fiesta",1,2019,NULL,NULL,"2023-06-06 14:30:03"
918,1,"Episode #1.2491","Episode #1.2491",0,2002,NULL,NULL,"2023-06-06 14:30:03"
919,3,Kaszebe,Kaszebe,0,1971,NULL,82,"2023-06-06 14:30:03"
920,4,"Non ci indurre in tentazione","Non ci indurre in tentazione",1,2005,NULL,88,"2023-06-06 14:30:03"
921,1,"Episode #1.555","Episode #1.555",0,2008,NULL,NULL,"2023-06-06 14:30:03"
922,1,"Northumberland is Missing","Northumberland is Missing",0,NULL,NULL,NULL,"2023-06-06 14:30:03"
923,1,"Episode #1.592","Episode #1.592",0,NULL,NULL,NULL,"2023-06-06 14:30:03"
924,1,"The Secret Recipe for Mountain Dew Pizza!","The Secret Recipe for Mountain Dew Pizza!",0,2021,NULL,NULL,"2023-06-06 14:30:03"
925,1,"Yabo: Marcato","Yabo: Marcato",0,2009,NULL,NULL,"2023-06-06 14:30:03"
926,2,"The Modern Zoo","The Modern Zoo",0,2020,NULL,NULL,"2023-06-06 14:30:03"
927,1,"Episode #1.5334","Episode #1.5334",0,NULL,NULL,NULL,"2023-06-06 14:30:03"
928,1,"Daisy Stone Likes Rough Anal","Daisy Stone Likes Rough Anal",1,2018,NULL,NULL,"2023-06-06 14:30:03"
929,1,"Episode dated 18 October 2020","Episode dated 18 October 2020",0,2020,NULL,NULL,"2023-06-06 14:30:03"
930,1,"Top 8 Results Show","Top 8 Results Show",0,2005,NULL,NULL,"2023-06-06 14:30:03"
931,1,"Episode #1.217","Episode #1.217",0,NULL,NULL,NULL,"2023-06-06 14:30:03"
932,2,"Family Feast","Family Feast",0,2013,NULL,24,"2023-06-06 14:30:03"
933,1,"Ethical Hacking","Ethical Hacking",0,2013,NULL,NULL,"2023-06-06 14:30:03"
934,1,"Czarna wdowa","Czarna wdowa",0,2020,NULL,25,"2023-06-06 14:30:03"
935,2,"Baignade dans le torrent","Baignade dans le torrent",0,1897,NULL,1,"2023-06-06 14:30:03"
936,1,"Episode #6.11","Episode #6.11",0,1971,NULL,NULL,"2023-06-06 14:30:03"
937,1,"Episode #16.34","Episode #16.34",0,2010,NULL,NULL,"2023-06-06 14:30:03"
938,2,"How to Talk to Kids","How to Talk to Kids",0,2011,NULL,3,"2023-06-06 14:30:03"
939,1,"12 pasos","12 pasos",0,2005,NULL,NULL,"2023-06-06 14:30:03"
940,1,"Episode dated 25 October 2008","Episode dated 25 October 2008",0,2008,NULL,NULL,"2023-06-06 14:30:03"
941,3,"Lane Woods Finds Love","Lane Woods Finds Love",0,2017,NULL,77,"2023-06-06 14:30:03"
942,1,"Episode #1.615","Episode #1.615",0,NULL,NULL,NULL,"2023-06-06 14:30:03"
943,1,"Episode #1.900","Episode #1.900",0,NULL,NULL,NULL,"2023-06-06 14:30:03"
944,1,"Episode #1.130","Episode #1.130",0,1990,NULL,NULL,"2023-06-06 14:30:03"
945,1,"Nevada State Prison","Nevada State Prison",0,2016,NULL,42,"2023-06-06 14:30:03"
946,1,"Episode #1.1861","Episode #1.1861",0,1973,NULL,NULL,"2023-06-06 14:30:03"
947,1,"Ich warte auf Dich","Ich warte auf Dich",0,2019,NULL,NULL,"2023-06-06 14:30:03"
948,1,"Who Do You Think You Are Kidding, Mr Juncker?","Who Do You Think You Are Kidding, Mr Juncker?",0,2019,NULL,NULL,"2023-06-06 14:30:03"
949,2,"The Page","The Page",0,2016,NULL,3,"2023-06-06 14:30:03"
950,1,"Le bal est dans ton camp","Le bal est dans ton camp",0,2016,NULL,NULL,"2023-06-06 14:30:03"
951,3,"Swingtime Jamboree","Swingtime Jamboree",0,1946,NULL,NULL,"2023-06-06 14:30:03"
952,1,"Episode #1.53","Episode #1.53",0,2019,NULL,NULL,"2023-06-06 14:30:03"
953,1,"Episode #1.107","Episode #1.107",0,2004,NULL,NULL,"2023-06-06 14:30:03"
954,1,Supermartes,Supermartes,0,1992,NULL,NULL,"2023-06-06 14:30:03"
955,3,"Latex Slaves Discipline","Latex Slaves Discipline",1,1990,NULL,60,"2023-06-06 14:30:03"
956,1,10-21-2021,10-21-2021,0,2021,NULL,NULL,"2023-06-06 14:30:03"
957,1,"Kicked Out","Kicked Out",0,2020,NULL,42,"2023-06-06 14:30:03"
958,1,"A Star Will Rise","A Star Will Rise",0,2015,NULL,NULL,"2023-06-06 14:30:03"
959,1,"Episode #16.1","Episode #16.1",0,1980,NULL,NULL,"2023-06-06 14:30:03"
960,1,"Be the Game Changer","Be the Game Changer",0,2018,NULL,41,"2023-06-06 14:30:03"
961,1,"Episode #1.68","Episode #1.68",0,2018,NULL,NULL,"2023-06-06 14:30:03"
962,1,"Episode dated 29 May 2012","Episode dated 29 May 2012",0,2012,NULL,NULL,"2023-06-06 14:30:03"
963,1,"Why Do I Laugh When Something is Funny?","Why Do I Laugh When Something is Funny?",0,2022,NULL,NULL,"2023-06-06 14:30:03"
964,2,"The Showdown","The Showdown",0,1975,NULL,8,"2023-06-06 14:30:03"
965,1,"Fallen Light","Fallen Light",0,2015,NULL,47,"2023-06-06 14:30:03"
966,1,"Episode #1.1439","Episode #1.1439",0,2000,NULL,NULL,"2023-06-06 14:30:03"
967,1,"Episode #1.83","Episode #1.83",0,NULL,NULL,NULL,"2023-06-06 14:30:03"
968,1,"My Dinosaur is a Service Animal (with Chris Pratt and Bryce Dallas Howard)","My Dinosaur is a Service Animal (with Chris Pratt and Bryce Dallas Howard)",0,2018,NULL,NULL,"2023-06-06 14:30:03"
969,1,"Kanata's Promised Date","Kanata's Promised Date",0,2001,NULL,25,"2023-06-06 14:30:03"
970,5,"Learn Korean with GO! Billy Korean","Learn Korean with GO! Billy Korean",0,2012,NULL,NULL,"2023-06-06 14:30:03"
971,1,"Episode #1.622","Episode #1.622",0,NULL,NULL,NULL,"2023-06-06 14:30:03"
972,1,"Episode #1.7","Episode #1.7",0,NULL,NULL,NULL,"2023-06-06 14:30:03"
973,1,"Episode #7.5","Episode #7.5",0,1990,NULL,NULL,"2023-06-06 14:30:03"
974,1,"Episode #14.18","Episode #14.18",0,NULL,NULL,NULL,"2023-06-06 14:30:03"
975,7,"Toy Therapy: Your Childhood Has Issues","Toy Therapy: Your Childhood Has Issues",0,2018,NULL,6,"2023-06-06 14:30:03"
976,3,"Programa Piloto","Programa Piloto",0,1970,NULL,NULL,"2023-06-06 14:30:03"
977,1,"Denying the River","Denying the River",0,2020,NULL,NULL,"2023-06-06 14:30:03"
978,1,"Episode #1.74","Episode #1.74",0,NULL,NULL,NULL,"2023-06-06 14:30:03"
979,3,Dweller,Dweller,0,NULL,NULL,NULL,"2023-06-06 14:30:03"
980,1,"Episode #1.37","Episode #1.37",0,NULL,NULL,NULL,"2023-06-06 14:30:03"
981,1,"Week 8","Week 8",0,2019,NULL,80,"2023-06-06 14:30:03"
982,4,"Analise Malick: 1,000 Things","Analise Malick: 1,000 Things",0,2013,NULL,4,"2023-06-06 14:30:03"
983,1,"Episode #2.5","Episode #2.5",0,2019,NULL,23,"2023-06-06 14:30:03"
984,1,"Episode dated 19 September 2007","Episode dated 19 September 2007",0,2007,NULL,NULL,"2023-06-06 14:30:03"
985,1,"Clip: Farore's Pearl","Clip: Farore's Pearl",0,2017,NULL,21,"2023-06-06 14:30:03"
986,1,"Episode dated 18 February 2020","Episode dated 18 February 2020",0,2020,NULL,NULL,"2023-06-06 14:30:03"
987,1,"The Least of These: The Graham Staines Story","The Least of These: The Graham Staines Story",0,2019,NULL,25,"2023-06-06 14:30:03"
988,1,"Episode #1.150","Episode #1.150",0,NULL,NULL,NULL,"2023-06-06 14:30:03"
989,1,"Mit dem Adler fing es an","Mit dem Adler fing es an",0,1993,NULL,NULL,"2023-06-06 14:30:03"
990,1,"Episode #1.15","Episode #1.15",0,2013,NULL,64,"2023-06-06 14:30:03"
991,2,"Soy una máquina","Soy una máquina",0,2005,NULL,15,"2023-06-06 14:30:03"
992,9,Gyangureivu,Gyangureivu,0,NULL,NULL,NULL,"2023-06-06 14:30:03"
993,2,"Uber Don't Eats","Uber Don't Eats",0,2022,NULL,NULL,"2023-06-06 14:30:03"
994,2,Kwan,Kwan,0,2019,NULL,4,"2023-06-06 14:30:03"
995,1,"Neglectful Server","Neglectful Server",0,2020,NULL,NULL,"2023-06-06 14:30:03"
996,3,"The Opening","The Opening",0,2011,NULL,95,"2023-06-06 14:30:03"
997,1,"Layered Memories","Layered Memories",0,2022,NULL,24,"2023-06-06 14:30:03"
998,1,"Episode dated 7 July 1983","Episode dated 7 July 1983",0,1983,NULL,NULL,"2023-06-06 14:30:03"
999,1,"Phyllis Hammond Died Here","Phyllis Hammond Died Here",0,1965,NULL,NULL,"2023-06-06 14:30:03"
1000,4,"Wildfires: A California Disaster","Wildfires: A California Disaster",0,2009,NULL,19,"2023-06-06 14:30:03"
